id,Nome,Capa,Categoria,Sinopse,Link,Tipo,Temporadas,Idioma,Views,Favoritos,Histórico,Data,UID
79449,O Som da Morte,https://image.tmdb.org/t/p/w185/1tX11KQzujSDXdszFNRvQbbNi72.jpg,"Lançamentos, Mistério, Terror","Um grupo de estudantes disfuncionais se depara com um Apito da Morte asteca amaldiçoado. Logo, eles descobrem que usar o objeto produz um som aterrorizante capaz de prever suas futuras mortes.",http://fhd4.oneplayer.site/343rt342wtg34wetg34retg4rgh5kh4/FHD4/tt29550683.mp4,Filme,,Dublado,0,,,26/04/2026,
79450,Uma Segunda Chance,https://image.tmdb.org/t/p/w185/yC3byha23vhC2GMR139p4W42n36.jpg,"Drama, Lançamentos, Romance","Kenna comete um erro imperdoável que a leva à prisão. Sete anos depois, ela retorna à sua cidade natal, no Wyoming, na esperança de reconstruir a vida e conquistar a chance de se reencontrar com sua filha pequena, a quem nunca conheceu.",http://fhd4.oneplayer.site/343rt342wtg34wetg34retg4rgh5kh4/FHD4/tt33714084.mp4,Filme,,Dublado,0,,,26/04/2026,
79451,Um Stalker Apaixonado,https://image.tmdb.org/t/p/w185/s5vMwYTvSQxDkTca9jIGJauGzPk.jpg,"Comédia, Lançamentos, Terror, Thriller","Um sociopata violento, Paul, escapa de um hospital psiquiátrico e embarca em uma perigosa onda de violência. Seu alvo: Sofia, uma estrela pop mundialmente famosa. Sendo um fã obsessivo, ele faz Sofia refém em sua própria casa, acreditando delirantemente que eles vão se casar. Paul está desesperado para provar sua dedicação, mas Sofia está apenas tentando sobreviver à noite. À medida que Paul fica mais desequilibrado, sua fantasia se torna mais perigosa. Com a ajuda de seu leal guarda-costas, Sofia deve lutar não apenas por sua vida, mas por sua sanidade, e escapar do aperto sinistro de seu stalker e seu crescente grupo de cúmplices.",http://fhd4.oneplayer.site/343rt342wtg34wetg34retg4rgh5kh4/FHD4/tt13650814.mp4,Filme,,Dublado,0,,,26/04/2026,
79452,Push: No Limite do Medo,https://image.tmdb.org/t/p/w185/aIOTrlX82mYw6o6LEuMn9yUrhd2.jpg,"Lançamentos, Terror, Thriller","Natalie Flores, uma corretora de imóveis grávida, está se preparando para um Open House em uma propriedade com um passado sombrio. Quando um espírito maligno disfarçado de possível cliente aparece, Natalie entra em trabalho de parto prematuro e precisa encontrar uma maneira de escapar antes de dar à luz.",http://fhd4.oneplayer.site/343rt342wtg34wetg34retg4rgh5kh4/FHD4/tt25756108.mp4,Filme,,Dublado,0,,,26/04/2026,
79453,Halloween – O Espantalho Assassino,https://image.tmdb.org/t/p/w185/f53HjThQrgUIge5bVwGynnla1E7.jpg,"Lançamentos, Terror, Thriller","Em 1987, Benny, um serial killer mascarado de espantalho, foge de um asilo na noite de Halloween e desencadeia carnificina em Seattle. Cassandra, uma jovem ligada ao seu passado, torna-se alvo de sua obsessão.",http://fhd4.oneplayer.site/343rt342wtg34wetg34retg4rgh5kh4/FHD4/tt36748605.mp4,Filme,,Dublado,0,,,26/04/2026,
79454,Yiya Murano: Muerte a la hora del té,https://image.tmdb.org/t/p/w185/ma7BCNDfvndKg2mVRJqGJ83T9bp.jpg,"Documentário, Lançamentos",,http://fhd4.oneplayer.site/343rt342wtg34wetg34retg4rgh5kh4/FHD4/tt41559856.mp4,Filme,,Dublado,0,,,26/04/2026,
79455,Mexicali: Terra sem Lei,https://image.tmdb.org/t/p/w185/9lljJwaDdsTXvrs2umGSONO0k4q.jpg,"Ação, Drama, Lançamentos","Um thriller de ação ambientado no norte do México. Um ex-lutador ajuda a administrar a fazenda da parceira e participa de lutas clandestinas para pagar os trabalhadores. Ao lado de um aliado, enfrenta o ataque de uma gangue perigosa.",http://fhd4.oneplayer.site/343rt342wtg34wetg34retg4rgh5kh4/FHD4/tt36363971.mp4,Filme,,Dublado,0,,,26/04/2026,
79456,Sem Salvação,https://image.tmdb.org/t/p/w185/7cHKInyQQAGBc1y9EpONbixq7ld.jpg,Drama,"Ao conhecer um homem misterioso, uma jovem mãe pertencente a uma seita reclusa embarca numa relação arriscada que desperta desejos e segredos sombrios.",,Serie,1,Dublado,0,,,26/04/2026,
79457,O Amor Não Está Esgotado,https://image.tmdb.org/t/p/w185/bwCh9TYFgZffO9y1qn8zQVCr3L6.jpg,"Comédia, Dorama Dublado, Drama","Uma CEO de uma empresa de cosméticos obcecada pelo trabalho e uma apresentadora de compras pela TV de sucesso, que sofre de insônia, cruzam seus caminhos e, por meio de um romance inesperado, começam a preencher o vazio em suas vidas.",,Serie,1,Dublado,0,,,26/04/2026,
79458,Emergência Radioativa,https://image.tmdb.org/t/p/w185/5MxP4pmZWyBA8d27fAaROFsaH1h.jpg,"Ação, Aventura, Drama, Mistério",Físicos e médicos entram em uma corrida contra o tempo para salvar a cidade e milhares de vidas após um grave acidente radiológico.,,Serie,1,Dublado,0,,,26/04/2026,
79459,The Boys,https://image.tmdb.org/t/p/w185/dzOxNbbz1liFzHU1IPvdgUR647b.jpg,"Ação, Aventura, Ficção científica, Ficção Científica, Fantasia","Na trama, conhecemos um mundo em que super-heróis são as maiores celebridades do planeta, e rotineiramente abusam dos seus poderes ao invés de os usarem para o bem.",,Serie,5,Dublado,0,,,26/04/2026,
79460,Naquela Noite,https://image.tmdb.org/t/p/w185/fVKI7JXQvc7AqHteFyyvtwcwJVS.jpg,"Crime, Drama, Mistério","Quando uma jovem mãe solo se envolve em um assassinato durante uma viagem, as irmãs correm para ajudá-la, mas só pioram a situação.",,Serie,1,Dublado,0,,,26/04/2026,
79462,Destruição Final 2,https://image.tmdb.org/t/p/w185/s6nzVekLSd1y0vGjLz8WPfC1Sau.jpg,"Aventura, Ficção científica, Lançamentos, Thriller","Tendo encontrado a segurança do bunker da Groenlândia depois que o cometa Clarke dizimou a Terra, a família Garrity deve agora arriscar tudo para embarcar em uma jornada angustiante através do deserto da Europa para encontrar um novo lar.",http://fhd4.oneplayer.site/343rt342wtg34wetg34retg4rgh5kh4/FHD4/tt14850054.mp4,Filme,,Dublado,0,,,26/04/2026,
79463,Agente Zeta,https://image.tmdb.org/t/p/w185/zU20MrtOAYon07ULE9wFxUeaaqd.jpg,"Drama, Lançamentos, Thriller","Quatro ex-agentes do serviço secreto espanhol são assassinados simultaneamente ao redor do mundo. A CNI descobre que todos participaram da “Operação Ciénaga” décadas antes na Colômbia. Zeta, o melhor agente da CNI, deve encontrar e proteger o único sobrevivente em sua mais perigosa missão, até então. A agente da Colômbia, Alfa, se juntará a Zeta, e parece saber mais sobre a “Ciénaga” do que ele.",http://fhd4.oneplayer.site/343rt342wtg34wetg34retg4rgh5kh4/FHD4/tt32880540.mp4,Filme,,Dublado,0,,,26/04/2026,
79464,O Jogo do Predador,https://image.tmdb.org/t/p/w185/s0ub7FDXEyu8DqGcHKQpaOSem49.jpg,"Ação, Thriller","Uma mulher em luto embarca sozinha em uma aventura pela natureza selvagem da Austrália, mas acaba se envolvendo em um jogo cruel de gato e rato com um assassino.",http://fhd4.oneplayer.site/343rt342wtg34wetg34retg4rgh5kh4/FHD4/tt16431404.mp4,Filme,,Dublado,0,,,26/04/2026,
79465,Dragões – A Origem das Corridas de Dragão,https://image.tmdb.org/t/p/w185/bRSbu6JgnnANHQeGgxVC8d78wh6.jpg,"Animação, Aventura, Comédia, Família, Fantasia","Soluço e Melequento competem e praticam captura de ovelhas para a Corrida de Dragão anual, o novo e oficial evento de esporte de dragões em Berk. No entanto, as lembranças da origem desta tradição divergem entre todos. Com isso, Astrid tenta recordar os acontecimentos de como e quem inventou a Corrida de Dragão.",http://fhd1.oneplayer.site/ertg43r5g34ty34yt543t43wer234t34y3s7/FHD10/tt4191768.mp4,Filme,,Dublado,0,,,26/04/2026,
79466,180,https://image.tmdb.org/t/p/w185/9ISjrhA38HpSSGtfiCk8lpziC3K.jpg,"Crime, Drama, Lançamentos, Thriller","Quando um incidente inesperado de fúria no trânsito coloca seu filho em estado crítico, um pai enfurecido mergulha em uma espiral sombria de turbulência emocional e vingança.",http://fhd4.oneplayer.site/343rt342wtg34wetg34retg4rgh5kh4/FHD4/tt40891145.mp4,Filme,,Dublado,0,,,26/04/2026,
79467,Ataque Brutal,https://image.tmdb.org/t/p/w185/349RbnEbWd38iLlqzELTUppjSt2.jpg,"Lançamentos, Terror, Thriller","Em meio a um furacão devastador, uma comunidade costeira luta pela sobrevivência, assolada não apenas pelas forças destrutivas da natureza, mas também pela ameaça implacável de tubarões. Lutando contra a chuva torrencial, ruas cobertas de destroços e a escuridão avassaladora, eles precisam se unir para repelir esses predadores mortais se quiserem ter alguma chance de sobreviver à tempestade.",http://fhd4.oneplayer.site/343rt342wtg34wetg34retg4rgh5kh4/FHD4/tt32362890.mp4,Filme,,Dublado,0,,,26/04/2026,
79468,Avatar: Fogo e Cinzas,https://image.tmdb.org/t/p/w185/9k2zKeUfcKkAz1dGt5MP6dZMm4G.jpg,"Aventura, Fantasia, Ficção científica","Após a devastadora guerra contra a RDA e a perda de seu filho mais velho, Jake Sully e Neytiri enfrentam uma nova ameaça em Pandora: o Povo das Cinzas, uma tribo Na’vi violenta e sedenta por poder, liderada pela implacável Varang. A família de Jake deve lutar por sua sobrevivência e pelo futuro de Pandora em um conflito que os leva aos seus limites emocionais e físicos.",http://fhd4.oneplayer.site/343rt342wtg34wetg34retg4rgh5kh4/FHD4/tt1757678.mp4,Filme,,Dublado,0,,,26/04/2026,
79469,Pânico 7,https://image.tmdb.org/t/p/w185/rEevavl5vebCVEd5imx7D1k8nmV.jpg,"Crime, Lançamentos, Mistério, Terror","Quando um novo Ghostface surge na pacata cidade onde Sidney Prescott reconstruiu sua vida, seus medos mais sombrios se tornam reais enquanto sua filha se torna o próximo alvo do assassino. Determinada a proteger sua família, Sidney terá que enfrentar os horrores do seu passado para acabar com o massacre de uma vez por todas.",http://fhd4.oneplayer.site/343rt342wtg34wetg34retg4rgh5kh4/FHD4/tt27047903.mp4,Filme,,Dublado,0,,,26/04/2026,
79470,De Repente Grande,https://image.tmdb.org/t/p/w185/nn7hXDMltHnJ9FnYCjuG7qn20hS.jpg,"Comédia, Família, Lançamentos","Quatro amigos inseparáveis decidem fazer o mesmo pedido: se tornar adultos. No dia seguinte, eles acordam com a mesma idade de seus pais, mas com o mesmo comportamento de quando ainda eram crianças.",http://fhd4.oneplayer.site/343rt342wtg34wetg34retg4rgh5kh4/FHD4/tt19408480.mp4,Filme,,Dublado,0,,,26/04/2026,
79471,Gafanhoto,https://image.tmdb.org/t/p/w185/sRZOq9IGIPe2m1OmLCz5UgP867p.jpg,"Drama, Lançamentos, Thriller",Zhong-Han trabalha em um restaurante durante o dia e convive com criminosos durante a noite. Mas a mudança de direção do restaurante resulta em uma inesperada reação em cadeia que obrigará Zhong-Han a enfrentar a corrupção de seu país.,http://fhd4.oneplayer.site/343rt342wtg34wetg34retg4rgh5kh4/FHD4/tt32058418.mp4,Filme,,Dublado,0,,,26/04/2026,
79472,O Segredo do Ourives,https://image.tmdb.org/t/p/w185/uNuZwlnpH7Dk3H4gWVq9cGe6AwY.jpg,"Drama, Lançamentos, Romance","Em 1999, um ourives revisita sua cidade natal, despertando lembranças de seu romance de verão com uma costureira 25 anos antes. Apesar da diferença de idade entre eles, ele promete reescrever sua história, mas enfrenta dificuldades para encontrá-la ao retornar.",http://fhd4.oneplayer.site/343rt342wtg34wetg34retg4rgh5kh4/FHD4/tt32439773.mp4,Filme,,Dublado,0,,,26/04/2026,
79473,Anatéma,https://image.tmdb.org/t/p/w185/47nFg4yqr19QV5gn9N7BtbQagxh.jpg,"Lançamentos, Terror","Para investigar um selo religioso que retém um mal ancestral, uma jovem freira desce às catacumbas de uma antiga igreja de Madri, onde deverá enfrentar não só forças sobrenaturais, mas também os fantasmas de seu passado.",http://fhd4.oneplayer.site/343rt342wtg34wetg34retg4rgh5kh4/FHD4/tt26931556.mp4,Filme,,Dublado,0,,,26/04/2026,
79474,Nouvelle Vague,https://image.tmdb.org/t/p/w185/2mGChnRQd75pOWU18B26KlxFMah.jpg,"Comédia, Drama, História, Lançamentos","Acontece de tudo nos bastidores das filmagens de Acossado, de Jean-Luc Godard, um marco do movimento cinematográfico francês Nouvelle Vague.",http://fhd4.oneplayer.site/343rt342wtg34wetg34retg4rgh5kh4/FHD4/tt31688586.mp4,Filme,,Dublado,0,,,26/04/2026,
79475,Quando o Mal Desperta,https://image.tmdb.org/t/p/w185/jszaIQKaTmQL4CKZfZclPOhVZHX.jpg,"Ação, Ficção científica, Lançamentos, Terror","Em busca de uma história de aventura na floresta, um grupo de estudantes de jornalismo desperta um ser sobre-humano de sua câmara criogênica perdida. Segue-se uma longa noite de caça ao homem e desespero.",http://fhd4.oneplayer.site/343rt342wtg34wetg34retg4rgh5kh4/FHD4/tt22261722.mp4,Filme,,Dublado,0,,,26/04/2026,
79476,Cabana do Medo: O Último Fim de Semana do Verão,https://image.tmdb.org/t/p/w185/zvymcL9EYzlhwkjZs83lPThYwA3.jpg,"Lançamentos, Terror","Seis amigos alugam uma cabana no meio da floresta no último fim de semana do verão, prontos para aproveitarem dias de festa e bebedeira. O que eles não sabem é que dividirão o lugar com um hóspede inesperado, tendo que lutar para sobreviver.",http://fhd4.oneplayer.site/343rt342wtg34wetg34retg4rgh5kh4/FHD4/tt24132234.mp4,Filme,,Dublado,0,,,26/04/2026,
79477,Untold: Crime em Hawthorne Hill,https://image.tmdb.org/t/p/w185/eYDqbhcxT41dxkbQPxETlRgfwPH.jpg,"Documentário, Lançamentos","Um cavaleiro olímpico aposentado acolhe uma nova aluna de adestramento em sua fazenda idílica em Nova Jersey. Com o tempo, a tensão entre os dois aumenta, levando a chamadas para o 911 (número de emergência nos EUA), postagens enigmáticas nas redes sociais e acusações de espionagem. A disputa culmina em um ato de violência chocante e um julgamento que abalou o prestigiado e sofisticado mundo do adestramento.",http://fhd4.oneplayer.site/343rt342wtg34wetg34retg4rgh5kh4/FHD4/tt40224422.mp4,Filme,,Dublado,0,,,26/04/2026,
79478,Vale dos Vermes do Rei Xian e Lâmpada Fantasma,https://image.tmdb.org/t/p/w185/dzzB67NRFDFNRayJ9UOX6rSNRSV.jpg,"Ação, Aventura, Lançamentos","Hu Bayi, Wang Kaixuan e Shiely Yang, infectados com uma maldição, embarcam em uma jornada até a tumba do Rei Xian para recuperar a pérola de Haochen e quebrar a maldição. Eles enfrentam órgãos antigos, visões fantasmagóricas, insetos explosivos e uma enorme salamandra.",http://fhd4.oneplayer.site/343rt342wtg34wetg34retg4rgh5kh4/FHD4/tt32126588.mp4,Filme,,Dublado,0,,,26/04/2026,
79479,Os Efeitos da Mentira,https://image.tmdb.org/t/p/w185/6Mx9PVxrPSM2wYRlSC2bW2fjEf9.jpg,"Comédia, Drama, Lançamentos",Naveen sempre fez de tudo pela sua família. Mas sua vida muda completamente ao descobrir que sua esposa o está traindo com seu irmão. Naveen agora precisa parar de tentar agradar a todos e começar a pensar mais em si mesmo.,http://fhd4.oneplayer.site/343rt342wtg34wetg34retg4rgh5kh4/FHD4/tt18750704.mp4,Filme,,Dublado,0,,,26/04/2026,
79480,A Caixa Azul,https://image.tmdb.org/t/p/w185/Ao8YIks0or4845Z1lXbINz7tMh8.jpg,"Lançamentos, Romance, Thriller","Pablo, um jovem milionário recluso que vive na Patagônia, ainda é assombrado por um trágico acidente de carro que mudou sua vida. Sua rotina isolada começa a mudar quando ele conhece Lara por meio de um aplicativo de namoro centrado em uma premissa peculiar: a troca de um objeto misterioso conhecido como “a caixa azul”. À medida que a conexão deles se aprofunda, Lara gradualmente tira Pablo de sua solidão autoimposta. No entanto, um aviso anônimo logo levanta questões inquietantes sobre sua identidade e verdadeiras intenções. O que começa como um relacionamento íntimo rapidamente evolui para um tenso jogo psicológico de manipulação e suspeita. À medida que a confiança diminui, Pablo é forçado a confrontar seu passado e a mulher enigmática pela qual está se apaixonando, antes que a verdade por trás de Lara seja revelada tarde demais.",http://fhd4.oneplayer.site/343rt342wtg34wetg34retg4rgh5kh4/FHD4/tt37897225.mp4,Filme,,Dublado,0,,,26/04/2026,
79481,Operação Arriscada,https://image.tmdb.org/t/p/w185/xoXAo6GyRo31pNjFhPTcAnAcZIw.jpg,"Ação, Comédia, Lançamentos","Serge, um alto funcionário próximo à Presidência, é incluído em uma lista de mortes do governo devido a uma conspiração. Agora, enfrentando a morte certa e colocando sua família em perigo, a única esperança de Serge está em seu misterioso jardineiro.",http://fhd4.oneplayer.site/343rt342wtg34wetg34retg4rgh5kh4/FHD4/tt30973842.mp4,Filme,,Dublado,0,,,26/04/2026,
79482,Rob1n: Inteligência Assassina,https://image.tmdb.org/t/p/w185/maWJacCZG07VixdUA5QhKJifp3o.jpg,"Drama, Lançamentos, Terror, Thriller","Quando um especialista em robótica canaliza o luto pela perda do filho de 11 anos na criação de um boneco robótico, uma série de eventos horríveis deixa claro que Rob1n fará de tudo para ter seu criador só para si.",http://fhd4.oneplayer.site/343rt342wtg34wetg34retg4rgh5kh4/FHD4/tt34493926.mp4,Filme,,Dublado,0,,,26/04/2026,
79483,Terror em Silent Hill: Regresso Para o Inferno,https://image.tmdb.org/t/p/w185/5ZDqTM0ZP3ypmFivTeAnHslV6mY.jpg,"Drama, Lançamentos, Mistério, Terror","Quando uma carta misteriosa chama James de volta a Silent Hill em busca de seu verdadeiro amor, ele encontra uma cidade antes reconhecível, transformada por um mal desconhecido. À medida que James se aprofunda na escuridão, ele encontra figuras aterrorizantes, tanto familiares quanto novas, e começa a questionar sua própria sanidade enquanto luta para entender a realidade e se manter firme por tempo suficiente para salvar seu amor perdido.",http://fhd4.oneplayer.site/343rt342wtg34wetg34retg4rgh5kh4/FHD4/tt22868010.mp4,Filme,,Dublado,0,,,26/04/2026,
79484,Bola pra Cima,https://image.tmdb.org/t/p/w185/9uMTLWiDPFWYxEwP11G9Sp9cVAk.jpg,"Ação, Aventura, Comédia, Lançamentos","Nesta comédia, os executivos de marketing Brad e Elijah se arriscam e apresentam uma proposta de patrocínio ousado de uma marca de preservativos para a Copa do Mundo. Quando a comemoração no Brasil provoca um escândalo global, eles precisam fugir de torcedores furiosos, criminosos e dirigentes ambiciosos para salvar suas carreiras e voltar para casa vivos.",http://fhd4.oneplayer.site/343rt342wtg34wetg34retg4rgh5kh4/FHD4/tt26735622.mp4,Filme,,Dublado,0,,,26/04/2026,
79493,A Colega Perfeita,https://image.tmdb.org/t/p/w185/36zoDJG52EkHnMm60M9BdLw8Siv.jpg,"Comédia, Lançamentos","Devon acabou de entrar na faculdade. Celeste é popular e cheia de confiança. Agora que as duas resolveram morar juntas, a amizade se transformou em uma verdadeira guerra.",http://fhd4.oneplayer.site/343rt342wtg34wetg34retg4rgh5kh4/FHD4/tt37540875.mp4,Filme,,Dublado,0,,,28/04/2026,
79494,Alerta Apocalipse,https://image.tmdb.org/t/p/w185/3Ap6J9pYqgrxQaYWYdX2fyBYBWF.jpg,"Comédia, Ficção científica, Lançamentos, Terror","Quando um fungo altamente perigoso escapa de um laboratório secreto, Robert Quinn, um ex-agente de bioterrorismo que só queria curtir a aposentadoria em paz, é chamado de volta à ação. Ao lado de Travis e Naomi, dois jovens funcionários que definitivamente não ganham o suficiente para isso, ele precisa enfrentar uma ameaça invisível e fora de controle. Em uma corrida contra o tempo, o trio descobre que salvar o mundo dá muito mais trabalho do que parece.",http://fhd4.oneplayer.site/343rt342wtg34wetg34retg4rgh5kh4/FHD4/tt8879928.mp4,Filme,,Dublado,0,,,28/04/2026,
79495,A Torradeira,https://image.tmdb.org/t/p/w185/d02bWfVmn1W9Qn3Vng4Vt0CMXFP.jpg,"Comédia, Lançamentos",Assassinatos e caos se instauram quando um avarento fica obcecado por uma torradeira que deu de presente de casamento.,http://fhd4.oneplayer.site/343rt342wtg34wetg34retg4rgh5kh4/FHD4/tt34498610.mp4,Filme,,Dublado,0,,,28/04/2026,
79496,O Último Conquistador,https://image.tmdb.org/t/p/w185/4kxZC9T2i0bDkPoXGK00C2A4Z5l.jpg,"Ação, Aventura, Guerra, História, Lançamentos","Com o colapso do Império Mongol, um guerreiro marcado pela guerra encara o próprio destino e rompe lealdades para proteger o futuro da Rota da Seda.",http://fhd4.oneplayer.site/343rt342wtg34wetg34retg4rgh5kh4/FHD4/tt25868520.mp4,Filme,,Dublado,0,,,28/04/2026,
79497,Noah Kahan: Out of Body,https://image.tmdb.org/t/p/w185/8VtZAonOgK8hae7FwOZCSg7XmCu.jpg,"Documentário, Lançamentos, Música","Depois de alcançar fama global meteórica, o cantor e compositor Noah Kahan enfrenta a pressão de criar seu próximo álbum e retorna às suas raízes em Vermont e à sua família para se reconectar consigo mesmo.",http://fhd4.oneplayer.site/343rt342wtg34wetg34retg4rgh5kh4/FHD4/tt37172278.mp4,Filme,,Dublado,0,,,28/04/2026,
79498,Consequência,https://image.tmdb.org/t/p/w185/dTQZwcItQNEeSjpk3BYKYg27v9t.jpg,"Comédia, Drama, Lançamentos","Reef Hawk, o queridinho de Hollywood desde os seis anos, não está bem. Ao descobrir um plano de extorsão ligado a um vídeo misterioso, Reef decide embarcar em uma jornada de redenção para se retratar, confrontar seus demônios e evitar o cancelamento.",http://fhd4.oneplayer.site/343rt342wtg34wetg34retg4rgh5kh4/FHD4/tt23724682.mp4,Filme,,Dublado,0,,,28/04/2026,
79499,18 Rosas,https://image.tmdb.org/t/p/w185/1TApAJqCQekKeoRV1Nza2damyfz.jpg,"Drama, Lançamentos, Romance","Neste romance de amadurecimento, o aluno novo entra em conflito com a garota mais popular da escola. Mas ele logo percebe que vai precisar dela para várias coisas.",http://fhd4.oneplayer.site/343rt342wtg34wetg34retg4rgh5kh4/FHD4/tt39751309.mp4,Filme,,Dublado,0,,,28/04/2026,
79500,Para Sempre Medo,https://image.tmdb.org/t/p/w185/usGVBMdUxIiXIZ2iZD04iWsi3ed.jpg,"Lançamentos, Mistério, Terror","O casal Malcolm e Liz viaja para uma cabana isolada para uma celebração romântica. Quando Malcolm parte inesperadamente para a cidade, Liz é confrontada por uma presença sinistra.",http://fhd4.oneplayer.site/343rt342wtg34wetg34retg4rgh5kh4/FHD4/tt32332404.mp4,Filme,,Dublado,0,,,28/04/2026,
79501,O Verão que Mudou Tudo,https://image.tmdb.org/t/p/w185/enRQSrKaM6po43KW8WLMOZ5aMqZ.jpg,"Aventura, Fantasia, Lançamentos, Mistério, Terror","Quando uma força misteriosa começa a atrapalhar sua grande diversão de verão, Noah e seus amigos se unem a um detetive de polícia aposentado para embarcar em uma aventura monstruosa para salvar sua ilha.",http://fhd4.oneplayer.site/343rt342wtg34wetg34retg4rgh5kh4/FHD4/tt3954936.mp4,Filme,,Dublado,0,,,28/04/2026,
79502,O Retorno de Davy Crockett,https://image.tmdb.org/t/p/w185/gu6NYYtUQhWOousLZqZmmziQnu8.jpg,"Ação, Lançamentos","Em 1815, uma lenda americana, cuja esposa adoeceu mortalmente, deixando seus filhos sobreviverem sozinhos, deve lutar para voltar até eles através dos muitos perigos encontrados nas Terras Selvagens de uma fronteira perigosa.",http://fhd4.oneplayer.site/343rt342wtg34wetg34retg4rgh5kh4/FHD4/tt10583416.mp4,Filme,,Dublado,0,,,28/04/2026,
79503,Domingo Sem Deus,https://image.tmdb.org/t/p/w185/9AtlHj48RlkN2ghdXbcagDf0qud.jpg,"Drama, Lançamentos","“Domingo Sem Deus”, o novo filme original da Brasil Paralelo, mergulha nas profundezas da alma humana através da história de Walter, um ex-traficante que vive entre o sagrado e o profano, tentando reconstruir sua vida através da paternidade e do amor, enquanto é assombrado pelas marcas de um passado violento.",http://fhd4.oneplayer.site/343rt342wtg34wetg34retg4rgh5kh4/FHD4/tt40030233.mp4,Filme,,Dublado,0,,,28/04/2026,
79504,Nuremberg,https://image.tmdb.org/t/p/w185/saPapyxafNZxIPqYa2xm4QkaxpE.jpg,"Drama, História, Lançamentos","Um psiquiatra dos Estados Unidos é designado para examinar 22 oficiais nazistas que aguardam julgamento por crimes de guerra. À medida que ele se aproxima de um de seus pacientes e tenta desvendar a essência do mal, ele se vê envolvido em uma jornada sem volta.",http://fhd4.oneplayer.site/343rt342wtg34wetg34retg4rgh5kh4/FHD4/tt29567915.mp4,Filme,,Dublado,0,,,28/04/2026,
79505,A História de Um Gorila com David Attenborough,https://image.tmdb.org/t/p/w185/jdbhjmDymtYdcYfzsmBlQEsOExV.jpg,"Documentário, Lançamentos","Neste documentário intimista, David Attenborough conta a história marcante de seu primeiro contato com o bebê gorila Pablo, como ele se tornou um macho de costas prateadas e como estão seus descendentes diretos hoje. Repleta de imagens inéditas que retratam comportamentos extraordinários dos gorilas, esta é uma obra que proporciona grande satisfação e esperança.",http://fhd4.oneplayer.site/343rt342wtg34wetg34retg4rgh5kh4/FHD4/tt39314348.mp4,Filme,,Dublado,0,,,28/04/2026,
79506,Rede Tóxica,https://image.tmdb.org/t/p/w185/rwMo9OOl4mMSaaRFoe0qWf8evLX.jpg,"Lançamentos, Mistério, Thriller","Daisy Moriarty tenta manter sua vida caótica sob controle enquanto trabalha no lado sombrio da internet. Ao lado de uma equipe excêntrica, ela analisa conteúdos denunciados. Mas um vídeo perturbador a tira de sua zona de conforto e a leva a uma perigosa busca por justiça.",http://fhd4.oneplayer.site/343rt342wtg34wetg34retg4rgh5kh4/FHD4/tt32387554.mp4,Filme,,Dublado,0,,,28/04/2026,
79507,Manual Prático da Vingança Lucrativa,https://image.tmdb.org/t/p/w185/eyYbgERxVuWBhCeZZLNFlZVWLz2.jpg,"Comédia, Lançamentos, Thriller","Becket Redfellow é um homem marcado pela frustração e pela falta de oportunidades. Após a morte de sua mãe, ele decide reivindicar a fortuna que acredita ser sua por direito, custe o que custar. Disposto a tudo para recuperar seu lugar na elite, o herdeiro despojado traça um plano implacável para eliminar, um a um, os familiares que se interpõem entre ele e o patrimônio dos Redfellow. No entanto, sua jornada de vingança rapidamente se transforma em uma sequência de acidentes inquietantes, onde cada crime parece aproximá-lo ainda mais do seu próprio desastre.",http://fhd4.oneplayer.site/343rt342wtg34wetg34retg4rgh5kh4/FHD4/tt4357198.mp4,Filme,,Dublado,0,,,28/04/2026,
79508,Charlie: O Super Cão,https://image.tmdb.org/t/p/w185/uvXHs10CYWRyerGSX2WuN2dzxse.jpg,"Ação, Animação, Aventura, Comédia, Família, Lançamentos","Sasha, um garoto tímido de 9 anos, se junta ao cachorro de sua família, que é abduzido por alienígenas e retorna com superpoderes, para frustrar um plano do gato sinistro do vizinho de destruir a humanidade.",http://fhd4.oneplayer.site/343rt342wtg34wetg34retg4rgh5kh4/FHD4/tt29612071.mp4,Filme,,Dublado,0,,,28/04/2026,
79509,Placa-mãe,https://image.tmdb.org/t/p/w185/mQytxHlGSqSs2oVQuC9ns91iiqk.jpg,"Animação, Ficção científica, Lançamentos","Nadi, uma andróide com cidadania, ganha o direito de adotar duas crianças, David e Lina. Quando um mal entendido acontece, o menino David, com medo de se separar de sua irmã, foge. Enquanto o garoto lida com os perigos da cidade, Nadi tenta encontrá-lo.",http://fhd4.oneplayer.site/343rt342wtg34wetg34retg4rgh5kh4/FHD4/tt27665384.mp4,Filme,,Dublado,0,,,28/04/2026,
79510,Crimes de Guerra,https://image.tmdb.org/t/p/w185/2xRnBL1bgkSUTiFVyPfUmAqIlFE.jpg,"Drama, Lançamentos, Thriller","David recebe a visita de uma das vítimas da Guerra da Iugoslávia que afirma ter localizado Ivan Novak, um comandante que todos pensavam estar morto. David viaja sozinho até Belgrado com a missão de encontrar e levar Novak à justiça.",http://fhd4.oneplayer.site/343rt342wtg34wetg34retg4rgh5kh4/FHD4/tt11845074.mp4,Filme,,Dublado,0,,,28/04/2026,
79511,Untold: Jail Blazers,https://image.tmdb.org/t/p/w185/vmp45llJTRr6JLaIamt3RlfxgTH.jpg,"Documentário, Lançamentos","Jogadores instáveis. Acusações criminais. Manchetes nacionais. O time de Portland, com potencial para ser campeão da NBA, entra em colapso de forma espetacular neste documentário implacável.",http://fhd4.oneplayer.site/343rt342wtg34wetg34retg4rgh5kh4/FHD4/tt40224401.mp4,Filme,,Dublado,0,,,28/04/2026,
79512,Shootfighter 2,https://image.tmdb.org/t/p/w185/lXSRmTeF90rC0W89RcCrVBvdt6P.jpg,"Ação, Lançamentos","Quando seu filho morre em luta ilegal, chefe de polícia solta ex-campeão do torneio, que deverá reunir time de experts do kickboxer em busca de vingança.",http://fhd4.oneplayer.site/343rt342wtg34wetg34retg4rgh5kh4/FHD4/tt0114433.mp4,Filme,,Dublado,0,,,28/04/2026,
79513,Ataque Brutal,https://image.tmdb.org/t/p/w185/349RbnEbWd38iLlqzELTUppjSt2.jpg,"Lançamentos, Terror, Thriller","Em meio a um furacão devastador, uma comunidade costeira luta pela sobrevivência, assolada não apenas pelas forças destrutivas da natureza, mas também pela ameaça implacável de tubarões. Lutando contra a chuva torrencial, ruas cobertas de destroços e a escuridão avassaladora, eles precisam se unir para repelir esses predadores mortais se quiserem ter alguma chance de sobreviver à tempestade.",http://fhd4.oneplayer.site/343rt342wtg34wetg34retg4rgh5kh4/FHD4/tt32362890.mp4,Filme,,Dublado,0,,,28/04/2026,
79514,(Des)controle,https://image.tmdb.org/t/p/w185/scl6uVD0YZc46WZHgXbEcaH2zYw.jpg,"Drama, Lançamentos","Kátia Klein é uma escritora bem-sucedida que enfrenta uma crise criativa às vésperas da entrega do seu novo livro, ao mesmo tempo em que descobre a falência do seu casamento e administra o acúmulo das demandas dos filhos e dos pais. Sobrecarregada e em busca de alívio, ela passa de uma simples taça de vinho ao total descontrole, sendo gradualmente engolida pelos excessos do vício.",http://fhd4.oneplayer.site/343rt342wtg34wetg34retg4rgh5kh4/FHD4/tt33825630.mp4,Filme,,Dublado,0,,,28/04/2026,
79515,O Atirador: Sem Nação,https://image.tmdb.org/t/p/w185/gGhjs14pomQA6N8parCw5Bl3qoh.jpg,"Ação, Lançamentos, Thriller","Perseguidos por mercenários, Brandon Beckett e seu lendário pai realizam um resgate impossível.",http://fhd4.oneplayer.site/343rt342wtg34wetg34retg4rgh5kh4/FHD4/tt39538786.mp4,Filme,,Dublado,0,,,28/04/2026,
79516,Untold: O Rei em Xeque,https://image.tmdb.org/t/p/w185/ilbjnuyWeWGH50JVxCpZgRCZK0s.jpg,"Documentário, Lançamentos","Magnus Carlsen, amplamente considerado o maior enxadrista de todos os tempos, é desafiado por Hans Niemann, uma estrela em ascensão que capitaliza o crescimento meteórico do xadrez online. A ascensão de Niemann culminou em uma vitória épica e envolta em controvérsia sobre Carlsen na Copa Sinquefield de 2022, que acabou levando a alegações e revelações de trapaça. Determinado a limpar seu nome, Niemann luta para voltar ao topo do mundo do xadrez, preparando o terreno para uma revanche decisiva com Carlsen em 2024.",http://fhd4.oneplayer.site/343rt342wtg34wetg34retg4rgh5kh4/FHD4/tt40224399.mp4,Filme,,Dublado,0,,,28/04/2026,
79517,Perfeitos Desconhecidos,https://image.tmdb.org/t/p/w185/lPXx5XA6auYIHEgoea77DefKoUx.jpg,"Comédia, Lançamentos","Em um jantar com sete amigos, todos decidem abrir o jogo sobre suas vidas particulares no celular de cada um. Todos concordam em compartilhar abertamente todas as chamadas, mensagens de texto e voz. Mas o que era para ser algo divertido se torna em um grande caos.",http://fhd4.oneplayer.site/343rt342wtg34wetg34retg4rgh5kh4/FHD4/tt36203709.mp4,Filme,,Dublado,0,,,28/04/2026,
79518,"Vlavianos, o Impulso e a Razão",https://image.tmdb.org/t/p/w185/6R0tHVXk89j2gwlo6TgXqlEg0O1.jpg,"Documentário, Lançamentos",,http://fhd4.oneplayer.site/343rt342wtg34wetg34retg4rgh5kh4/FHD4/tt37674134.mp4,Filme,,Dublado,0,,,28/04/2026,
79519,Caça Explosiva,https://image.tmdb.org/t/p/w185/8Cc6CK7Fg6I8uAuy4aRr7Z6EVqL.jpg,"Ação, Crime, Lançamentos, Thriller","O filho de Ray é retido pelos mafiosos locais enquanto viaja no País R. Depois de receber uma denúncia anônima, Ray rapidamente monta um esquadrão de resgate com seu amigo Miles e vai em busca de seu filho.",http://fhd4.oneplayer.site/343rt342wtg34wetg34retg4rgh5kh4/FHD4/tt13835330.mp4,Filme,,Dublado,0,,,28/04/2026,
79520,Amor 911,https://image.tmdb.org/t/p/w185/vWfHD0ddfGsV6sv5QnGKY01OZJ.jpg,"Comédia, Drama, Romance","Quando uma médica é processada por errar o diagnóstico de um paciente, ela procura um bombeiro dedicado para ser uma testemunha de caráter para ela. Um romance improvável surge entre os dois.",http://fhd1.oneplayer.site/ertg43r5g34ty34yt543t43wer234t34y3s7/FHD10/tt2592808LEG.mp4,Filme,,Legendado,0,,,28/04/2026,
79521,The Room,https://image.tmdb.org/t/p/w185/9QscHN4pXj6Ja1k7e1ZT4vWDGnr.jpg,"Drama, Romance",,http://fhd1.oneplayer.site/ertg43r5g34ty34yt543t43wer234t34y3s7/FHD10/tt0368226LEG.mp4,Filme,,Legendado,0,,,28/04/2026,
79522,Depois do Fogo,https://image.tmdb.org/t/p/w185/zK4HmDCTALWOrVpUJV8fh2yPGFf.jpg,"Drama, Lançamentos","Após perder sua fazenda em um incêndio, um cowboy solitário busca refúgio em um acampamento provisório. Enquanto tenta se reconectar com sua filha e ex-mulher, encontra esperança na comunidade de vizinhos que também tentam reconstruir suas vidas.",http://fhd4.oneplayer.site/343rt342wtg34wetg34retg4rgh5kh4/FHD4/tt29361963.mp4,Filme,,Dublado,0,,,28/04/2026,
79523,The Moment,https://image.tmdb.org/t/p/w185/br52pIFl1dLvoDwMtFtmm6BapIH.jpg,"Comédia, Drama, Lançamentos, Música",Uma estrela pop em ascensão lida com a complexidade da fama e as pressões da indústria enquanto se prepara para sua primeira turnê de arena.,http://fhd4.oneplayer.site/343rt342wtg34wetg34retg4rgh5kh4/FHD4/tt35524793.mp4,Filme,,Dublado,0,,,28/04/2026,
79524,A Costureira,https://image.tmdb.org/t/p/w185/Qso0177z6RrRFTHeblgjJEzpxX.jpg,"Comédia, Crime, Lançamentos, Thriller","Quando a dona de uma loja de costura em dificuldades se depara com um negócio de drogas mal sucedido e uma mala cheia de dinheiro, ela se vê diante de três opções — cada uma com suas próprias consequências.",http://fhd4.oneplayer.site/343rt342wtg34wetg34retg4rgh5kh4/FHD4/tt23157384.mp4,Filme,,Dublado,0,,,28/04/2026,
79525,Gosto Infernal,https://image.tmdb.org/t/p/w185/rMuHUjtM3HptEXz9acWEEm8U1P4.jpg,"Lançamentos, Terror","Num futuro distópico, condenados à morte são usados como cobaias por uma empresa privada que utiliza implantes de memória para revolucionar o sistema prisional. Dois prisioneiros precisam escapar ou correm o risco de perder sua sanidade para sempre.",http://fhd4.oneplayer.site/343rt342wtg34wetg34retg4rgh5kh4/FHD4/tt32409066.mp4,Filme,,Dublado,0,,,28/04/2026,
79526,Anêmona,https://image.tmdb.org/t/p/w185/8niHlyUkkQ3UQd1kmJP3fFDtvdn.jpg,"Drama, Lançamentos","Os laços familiares entre pais, filhos e irmãos são explorados à medida que relacionamentos complexos se desenrolam por meio de jornadas pessoais e conflitos geracionais.",http://fhd4.oneplayer.site/343rt342wtg34wetg34retg4rgh5kh4/FHD4/tt33549447.mp4,Filme,,Dublado,0,,,28/04/2026,
79527,A Tragédia de Moriah Wilson,https://image.tmdb.org/t/p/w185/mVwDPMZr6x3u2uEq9pclqbigPh2.jpg,"Crime, Documentário, Lançamentos","A ciclista Moriah Wilson parecia ter tudo: uma ética de trabalho inata e um talento explosivo para corridas profissionais de gravel, um esporte pelo qual era profundamente apaixonada; uma família extremamente amorosa que a apoiava em cada passo; amizades profundas com pessoas que compartilhavam seu amor pelo ciclismo; e um novo e empolgante relacionamento com um colega competidor. Mas, justamente quando parecia estar atingindo o auge, a vida de Moriah foi interrompida por um assassinato brutal.",http://fhd4.oneplayer.site/343rt342wtg34wetg34retg4rgh5kh4/FHD4/tt32572716.mp4,Filme,,Dublado,0,,,28/04/2026,
79528,Sinta a Minha Voz,https://image.tmdb.org/t/p/w185/kaXWWskVuOumpcqWdjImjvolOWu.jpg,"Comédia, Drama, Lançamentos, Música","Uma adolescente, a única ouvinte de uma família de surdos, descobre sua voz e aprende a acreditar em si mesma através de sua paixão pelo canto.",http://fhd4.oneplayer.site/343rt342wtg34wetg34retg4rgh5kh4/FHD4/tt38589464.mp4,Filme,,Dublado,0,,,28/04/2026,
79529,O Caso dos Estrangeiros,https://image.tmdb.org/t/p/w185/weTyThAvs2JZJ3AZefA53d7vyfy.jpg,"Drama, Lançamentos, Thriller","Quando um médico sírio é forçado a fugir de Aleppo com sua filha pequena, uma escolha desesperada desencadeia em uma série de eventos que se espalham por fronteiras e arrastam quatro estranhos para a mesma história. Um contrabandista tentando salvar seu filho. Um soldado lutando com sua consciência. Uma poetisa em busca de um lar. Um capitão da guarda costeira grega dividido entre o dever e a compaixão. Seus caminhos se cruzam em uma noite no Mediterrâneo, onde a sobrevivência é incerta e a humanidade se revela em sua forma mais crua.",http://fhd4.oneplayer.site/343rt342wtg34wetg34retg4rgh5kh4/FHD4/tt21272942.mp4,Filme,,Dublado,0,,,28/04/2026,
79530,Tamanho Real,https://image.tmdb.org/t/p/w185/4SLhCmYWNiHpfXWFLQLKSgrMmSS.jpg,"Comédia, Drama, Lançamentos","Lenore é uma adolescente plus size, insegura e com um grande talento para a moda. E, embora suas inseguranças a impeçam de usar suas próprias criações, seu talento a coloca sob os holofotes – e na mira de valentões e novos amigos.",http://fhd4.oneplayer.site/343rt342wtg34wetg34retg4rgh5kh4/FHD4/tt15823456.mp4,Filme,,Dublado,0,,,28/04/2026,
79531,A Profecia de um Guerreiro,https://image.tmdb.org/t/p/w185/bb3JuXrt5mpxbBiqffNEqKVTAAc.jpg,"Ação, Fantasia, Lançamentos, Terror","Um cavaleiro intrépido enfrenta um reino mortal para salvar a alma do Escolhido. Enfrentando bruxas, demônios e inimigos brutais, ele descobre que seu retorno pode desencadear o caos e destruir a humanidade.",http://fhd4.oneplayer.site/343rt342wtg34wetg34retg4rgh5kh4/FHD4/tt27705545.mp4,Filme,,Dublado,0,,,28/04/2026,
79532,Invasão à Venezuela,https://image.tmdb.org/t/p/w185/lD1vYyKuO1omlQXtwrGVdz8yfnt.jpg,"Ação, Crime, Guerra, Lançamentos, Thriller","Um thriller de ação intenso sobre um ex-soldado que abandonou o país, a fé e o passado. Forçado a voltar ao combate, ele encara uma missão extrema para localizar um repórter deixado para trás em uma operação privada fora de controle.",http://fhd4.oneplayer.site/343rt342wtg34wetg34retg4rgh5kh4/FHD4/tt6001846.mp4,Filme,,Dublado,0,,,28/04/2026,
79533,Natal em Coyote Creek,https://image.tmdb.org/t/p/w185/5jL8B3E2OtDDIvrACO3yLdUFOt8.jpg,"Cinema TV, Comédia, Drama, Romance","Enquanto planeja a festa de Natal na pousada de sua família, uma organizadora de eventos descobre a magia do Natal com uma dupla de pai e filho cuja presença traz tensão e alegria.",http://fhd1.oneplayer.site/ertg43r5g34ty34yt543t43wer234t34y3s7/FHD10/tt15205430.mp4,Filme,,Dublado,0,,,28/04/2026,
79534,Tootsie,https://image.tmdb.org/t/p/w185/ngyCzZwb9y5sMUCig5JQT4Y33Q.jpg,"Comédia, Romance","Desesperado em busca de emprego, Michael Dorsey, um ator perfeccionista e de temperamento difícil resolve se vestir de mulher para disputar um papel feminino em uma telenovela. O que ele não esperava era obter tanto sucesso com o seu papel. Porém, manter a farsa fica cada dia mais complicado, especialmente porque ele se apaixona por Julie Nichols, uma das atrizes da telenovela, e caso ele se declare, acabará revelando que é um homem.",http://fhd1.oneplayer.site/ertg43r5g34ty34yt543t43wer234t34y3s7/FHD10/tt0084805.mp4,Filme,,Dublado,0,,,28/04/2026,
79535,Um Dia de Cão,https://image.tmdb.org/t/p/w185/9ARCiiOejxr8gsOkoMyNac8gRdS.jpg,"Crime, Drama, Thriller","Quando o inexperiente criminoso Sonny Wortzik lidera um assalto a um banco em Brooklyn, as coisas rapidamente dão errado e uma situação de refém se desenvolve. Sonny e seu cúmplice, Sal Naturile, tentam desesperadamente permanecer em controle, mas a mídia vai à loucura e o FBI chega, criando uma tensão ainda maior. Gradualmente, os verdadeiros motivos para o roubo são revelados.",http://fhd1.oneplayer.site/ertg43r5g34ty34yt543t43wer234t34y3s7/FHD10/tt0072890.mp4,Filme,,Dublado,0,,,28/04/2026,
79536,Inteligência Humana,https://image.tmdb.org/t/p/w185/zmv8yxTmswmMZk7mUktzY9wWXcO.jpg,"Ação, Drama, Lançamentos, Thriller","Ao investigar um cartel russo, um agente sul-coreano fica cara a cara com um agente norte-coreano, e ambos são dragados por perigos e segredos.",http://fhd4.oneplayer.site/343rt342wtg34wetg34retg4rgh5kh4/FHD4/tt32606470.mp4,Filme,,Dublado,0,,,28/04/2026,
79537,Jane Não Está Bem,https://image.tmdb.org/t/p/w185/1w7KLwHzxbwHnQ4qTEHVUHQGVkm.jpg,"Comédia, Drama, Lançamentos","Depois que sofreu um grave acidente, Jane passou a descontar sua raiva em todos ao seu redor. Mas após conhecer um professor de robótica, ela aprende a se comunicar melhor com as pessoas e aproveitar mais a vida.",http://fhd4.oneplayer.site/343rt342wtg34wetg34retg4rgh5kh4/FHD4/tt24331572.mp4,Filme,,Dublado,0,,,28/04/2026,
79538,Três Pessoas Sem Destino,https://image.tmdb.org/t/p/w185/84qLndeVbYigiVDEMNkUOgFSw7Q.jpg,"Comédia, Drama, Lançamentos","Martin finalmente decide pedir sua namorada de dez anos em casamento, mas as coisas não saem como planejado. Ela o abandona e ele decide sair para beber. Ao acordar em uma casa com pessoas muito mais jovens, Martin decide que está na hora de mudar de vida.",http://fhd4.oneplayer.site/343rt342wtg34wetg34retg4rgh5kh4/FHD4/tt27329109.mp4,Filme,,Dublado,0,,,28/04/2026,
79539,Barfly – Condenados Pelo Vício,https://image.tmdb.org/t/p/w185/dTmrLCzVCEGJ50MTiPW0tVIrpLu.jpg,"Comédia, Drama, Romance","Henry Chinaski é um escritor alcoólatra que inicia um romance cheio de contradições com Wanda Wilcox, outra frequentadora assídua dos bares de Los Angeles. Neste cenário, surge uma terceira pessoa que vai mudar a relação do casal.",http://fhd1.oneplayer.site/ertg43r5g34ty34yt543t43wer234t34y3s7/FHD10/tt0092618.mp4,Filme,,Dublado,0,,,28/04/2026,
79540,"Comer, Rezar, Ladrar",https://image.tmdb.org/t/p/w185/zzjhOgtbXePGcKuacjeDmy5t4RH.jpg,"Comédia, Lançamentos",Cinco tutores procuram a ajuda de um adestrador lendário nas montanhas para lidar com seus cães arteiros. Mas talvez não sejam os pets que precisam de treinamento.,http://fhd4.oneplayer.site/343rt342wtg34wetg34retg4rgh5kh4/FHD4/tt39465484.mp4,Filme,,Dublado,0,,,28/04/2026,
79541,Factotum,https://image.tmdb.org/t/p/w185/qfuqZHaAFiC4N8natPXojrpXR2y.jpg,Drama,"Hank Chinaski, alter-ego fictício de Charles Bukowski, vagueia por Los Angeles tentando viver de empregos que não interferem com seu interesse principal, que é escrever. Ao longo do caminho, ele se afasta das distrações oferecidas pelas mulheres, bebidas e jogos de azar.",http://fhd1.oneplayer.site/ertg43r5g34ty34yt543t43wer234t34y3s7/FHD10/tt0417658.mp4,Filme,,Dublado,0,,,28/04/2026,
79542,Uma História Real,https://image.tmdb.org/t/p/w185/yruYuk7bzXGSrRaH9qT1JCqrJgw.jpg,"Drama, História","Alvin Straight é um senhor idoso com uma vida tranquila no campo. Quando seu irmão, com quem não conversava há muito tempo, fica muito doente, ele decide colocar suas diferenças de lado e encontrá-lo com o único meio de transporte de que dispõe: um velho trator. Com ele, Alvin atravessará centenas de milhas até seu destino final, não sem antes encontrar diversos personagens que farão de sua viagem uma verdadeira jornada sentimental.",http://fhd1.oneplayer.site/ertg43r5g34ty34yt543t43wer234t34y3s7/FHD10/tt0166896LEG.mp4,Filme,,Legendado,0,,,28/04/2026,
79543,Ghost World: Aprendendo a Viver,https://image.tmdb.org/t/p/w185/uwKqnUPE4dSM0kKuMW0vXpURh2T.jpg,"Comédia, Drama","Enid e Rebecca estão concluindo o segundo grau e começam a entrar na crise mais forte da adolescência, buscando suas identidades e planejando o futuro. Rebecca parece infeliz, mas mantém o foco e planeja o futuro, mas Enid parece totalmente perdida e incapaz de lidar com a frustração da vida adulta. Os problemas podem abalar a amizade das duas, que sempre acreditaram que seriam amigas para sempre.",http://fhd1.oneplayer.site/ertg43r5g34ty34yt543t43wer234t34y3s7/FHD10/tt0162346LEG.mp4,Filme,,Legendado,0,,,28/04/2026,
79544,Natal Fora do Tempo,https://image.tmdb.org/t/p/w185/qHYX09eUpQ3WnBHpvl5ZlNaHADh.jpg,"Cinema TV, Romance","Charles Whitley viaja de 1903 para 2020, onde conhece Megan Turner, uma guia turística em uma mansão histórica, e vive o Natal do século 21.",http://fhd1.oneplayer.site/ertg43r5g34ty34yt543t43wer234t34y3s7/FHD10/tt13341414.mp4,Filme,,Dublado,0,,,28/04/2026,
79545,Avatar: Fogo e Cinzas,https://image.tmdb.org/t/p/w185/9k2zKeUfcKkAz1dGt5MP6dZMm4G.jpg,"Aventura, Fantasia, Ficção científica","Após a devastadora guerra contra a RDA e a perda de seu filho mais velho, Jake Sully e Neytiri enfrentam uma nova ameaça em Pandora: o Povo das Cinzas, uma tribo Na’vi violenta e sedenta por poder, liderada pela implacável Varang. A família de Jake deve lutar por sua sobrevivência e pelo futuro de Pandora em um conflito que os leva aos seus limites emocionais e físicos.",http://fhd4.oneplayer.site/343rt342wtg34wetg34retg4rgh5kh4/FHD4/tt1757678.mp4,Filme,,Dublado,0,,,28/04/2026,
79546,É Preciso um Vilarejo…,https://image.tmdb.org/t/p/w185/cXxFrrKMMu4gipC8kVoplzo0HAr.jpg,"Comédia, Lançamentos, Romance","Problemas financeiros obrigam Halina a cancelar o casamento, mas pessoas próximas e parentes inventam um plano bizarro para atrair turistas e gerar dinheiro.",http://fhd4.oneplayer.site/343rt342wtg34wetg34retg4rgh5kh4/FHD4/tt38681815.mp4,Filme,,Dublado,0,,,28/04/2026,
79547,Caminhos do Crime,https://image.tmdb.org/t/p/w185/3u8Pr8WF9hqMptlnuYL52YXSs8F.jpg,"Crime, Lançamentos, Thriller","Um ladrão enigmático realiza assaltos de alto risco ao longo da icônica rodovia 101. Quando ele mira o golpe de sua vida — na esperança de que este seja seu último trabalho —, seu caminho cruza com o de uma corretora de seguros desiludida, forçando os dois a colaborar. Determinado a desvendar o caso, um detetive implacável se aproxima da operação.",http://fhd4.oneplayer.site/343rt342wtg34wetg34retg4rgh5kh4/FHD4/tt32430579.mp4,Filme,,Dublado,0,,,28/04/2026,
79548,O Último Gigante,https://image.tmdb.org/t/p/w185/rxQE2GmdabPcLQtrG0ik2MYyMu3.jpg,"Drama, Lançamentos","Quando o pai reaparece, um guia turístico precisa lidar com antigas feridas e encarar uma decisão que vai definir o futuro dos dois.",http://fhd4.oneplayer.site/343rt342wtg34wetg34retg4rgh5kh4/FHD4/tt39773309.mp4,Filme,,Dublado,0,,,28/04/2026,
79549,"Sorry, Baby",https://image.tmdb.org/t/p/w185/bWkoOebjObFo21CJFElo4LsKggc.jpg,"Comédia, Drama, Lançamentos","Depois de um evento trágico, Agnes se vê sozinha enquanto todos continuam suas vidas como se nada tivesse acontecido.",http://fhd4.oneplayer.site/343rt342wtg34wetg34retg4rgh5kh4/FHD4/tt32843349.mp4,Filme,,Dublado,0,,,28/04/2026,
79550,O Legionário,https://image.tmdb.org/t/p/w185/6RkWImPuG8tAkpYWMnnLkLPIMjZ.jpg,"Ação, Drama, Lançamentos","Daniel é o único policial negro da tropa de choque da polícia de Roma. Ele precisa desalojar os moradores de um prédio onde vivem 150 famílias, incluindo a sua própria.",http://fhd4.oneplayer.site/343rt342wtg34wetg34retg4rgh5kh4/FHD4/tt13767266.mp4,Filme,,Dublado,0,,,28/04/2026,
79551,Contrato das Sombras,https://image.tmdb.org/t/p/w185/zHITbNWPLuyrJ8F7kZGZLEBPwar.jpg,"Drama, Fantasia, Lançamentos, Terror","Um pai solteiro, em dificuldades, faz um pacto perigoso em troca de dinheiro e se torna a personificação da morte, tirando a vida de todos que ele toca. Agora, ele precisa lutar para desfazer seu destino enquanto mantém sua situação em segredo da filha.",http://fhd4.oneplayer.site/343rt342wtg34wetg34retg4rgh5kh4/FHD4/tt14757664.mp4,Filme,,Dublado,0,,,28/04/2026,
79552,Treinada para Matar,https://image.tmdb.org/t/p/w185/qxzn5xrGtIuSO5E3g4O6KiwetA8.jpg,"Ação, Lançamentos, Thriller","Marina vive ao lado de sua mãe, uma mulher com deficiência, e de seu pai, um assassino profissional. Mas após ele morrer durante um trabalho, Marina se vê obrigada a entrar no submundo dos matadores de aluguel e assumir a profissão do pai.",http://fhd4.oneplayer.site/343rt342wtg34wetg34retg4rgh5kh4/FHD4/tt15669216.mp4,Filme,,Dublado,0,,,28/04/2026,
79553,A História do Som,https://image.tmdb.org/t/p/w185/dR7HYAE56gEY8WcGVRZPLS3GEaR.jpg,"Drama, Lançamentos, Música, Romance","Em 1917, Lionel e David se conhecem no Conservatório de Boston, unidos pelo amor à música folk. Anos depois, eles se reencontram e partem juntos em uma viagem pelo interior do Maine para registrar canções tradicionais de ex-soldados da Primeira Guerra. Durante essa jornada que transformará suas vidas para sempre, eles descobrem que compartilham muito mais do que a paixão pela música.",http://fhd4.oneplayer.site/343rt342wtg34wetg34retg4rgh5kh4/FHD4/tt15799524.mp4,Filme,,Dublado,0,,,28/04/2026,
79554,Um Lugar para Recomeçar,https://image.tmdb.org/t/p/w185/uipnnkw5t20rFmRFqiluQfcJL5c.jpg,"Drama, Lançamentos","A família Lee se muda para uma comunidade rural na esperança de recomeçar a vida, mas encontra apenas hostilidade e xenofobia. A maneira como eles lidarão com essas questões poderá destruí-los ou torná-los ainda mais fortes.",http://fhd4.oneplayer.site/343rt342wtg34wetg34retg4rgh5kh4/FHD4/tt23838470.mp4,Filme,,Dublado,0,,,28/04/2026,
79555,O Amor Está no Campo,https://image.tmdb.org/t/p/w185/8PXmPYxnzPEjhRuNMepDOF7oUPc.jpg,"Comédia, Lançamentos, Romance","Sarah não faz ideia do que fazer com sua vida e é convencida por sua tia a sair da cidade grande para cuidar de uma pousada em uma pequena cidade rural. Mas além da pousada, Sarah também precisará lidar com o amor de dois jovens rapazes.",http://fhd4.oneplayer.site/343rt342wtg34wetg34retg4rgh5kh4/FHD4/tt28668112.mp4,Filme,,Dublado,0,,,28/04/2026,
79556,Chris Watts: Confissões de um Assassino,https://image.tmdb.org/t/p/w185/452Kzv2dRPqgI9APb6hlYjLnMzu.jpg,"Cinema TV, Crime, Lançamentos","Quando Chris Watts (Sean Kleier) pediu às câmeras de televisão o retorno seguro de sua esposa grávida Shanann (Ashley Williams) e de suas duas filhas, segredos sombrios surgiram. À medida que a história se espalhou, os corações foram para o pai e o marido, que pareciam levar uma vida encantada. Mas depois de falhar no teste do detector de mentiras, Chris confessou ter assassinado brutalmente sua família e lentamente revelou os horríveis detalhes de suas mortes.",http://fhd4.oneplayer.site/343rt342wtg34wetg34retg4rgh5kh4/FHD4/tt10846986.mp4,Filme,,Dublado,0,,,28/04/2026,
79557,Corajosa 3,https://image.tmdb.org/t/p/w185/odEZ7CY6TlELZHptwEyNy65XaRg.jpg,"Ação, Crime, Lançamentos, Thriller","A destemida policial Shivani Shivaji Roy está de volta para derrubar uma quadrilha impiedosa, responsável por sequestrar mais de 90 meninas na Índia.",http://fhd4.oneplayer.site/343rt342wtg34wetg34retg4rgh5kh4/FHD4/tt27673536.mp4,Filme,,Dublado,0,,,28/04/2026,
79558,Um Sonho de Natal,https://image.tmdb.org/t/p/w185/vwYoyk5w4oeNuh2yaxouGSbv4l.jpg,"Cinema TV, Comédia, Lançamentos, Romance","Ashley viaja com sua mãe até a Itália para vender o rancho de seus avós. Mas ao chegar no país, ela se apaixona por um dos possíveis compradores e decide passar o resto de sua vida com ele.",http://fhd4.oneplayer.site/343rt342wtg34wetg34retg4rgh5kh4/FHD4/tt32486014.mp4,Filme,,Dublado,0,,,28/04/2026,
79559,Mike e Nick e Nick e Alice,https://image.tmdb.org/t/p/w185/7F0jc75HrSkLVcvOXR2FXAIwuEv.jpg,"Comédia, Crime, Ficção científica, Lançamentos","Uma comédia de ação hilária e estilizada, para maiores de 18 anos, sobre dois gângsteres e a mulher que eles amam, tentando sobreviver à noite mais perigosa de suas vidas. Como se isso não bastasse, tem um ingrediente inusitado na mistura: uma máquina do tempo.",http://fhd4.oneplayer.site/343rt342wtg34wetg34retg4rgh5kh4/FHD4/tt27552099.mp4,Filme,,Dublado,0,,,28/04/2026,
79560,Luz Fantasma,https://image.tmdb.org/t/p/w185/tFUY5AkdWeyKh5uIzeyLp6lBSZw.jpg,"Comédia, Drama, Lançamentos","Quando um operário da construção civil se junta inesperadamente à produção local de Romeu e Julieta, ao lado da sua filha adolescente de quem está afastado, o drama em palco começa a espelhar a sua própria vida.",http://fhd4.oneplayer.site/343rt342wtg34wetg34retg4rgh5kh4/FHD4/tt30321095.mp4,Filme,,Dublado,0,,,28/04/2026,
79561,Tudo Acontece à Noite,https://image.tmdb.org/t/p/w185/5nQossAYhHuEsHCOIwcce9ZwNXQ.jpg,"Lançamentos, Terror","Antologia de terror com três histórias sinistras interligadas: um grupo de influenciadores que quer registrar atividades paranormais em uma estrada assombrada, um pai e filho que têm segredos obscuros revelados durante uma viagem noturna de ônibus, e uma motorista particular que trabalha à noite e que passa por uma experiência assustadora.",http://fhd4.oneplayer.site/343rt342wtg34wetg34retg4rgh5kh4/FHD4/tt15435080.mp4,Filme,,Dublado,0,,,28/04/2026,
79562,O Trem Desgovernado,https://image.tmdb.org/t/p/w185/uamslwh8n6tZeLqZP7DbXUo7vYv.jpg,"Ação, Aventura, Cinema TV, Thriller","Com a esperança de conseguir aproximar sua família, Glen planeja umas férias com sua nova esposa e seu filho de oito anos, que está ressentido por ele ter se casado de novo. Mas quando o computador do trem em que eles viajam tem uma pane, Lucky arrisca a vida para salvar mais de 200 passageiros presos no trem que os leva para a morte.",http://fhd1.oneplayer.site/ertg43r5g34ty34yt543t43wer234t34y3s7/FHD10/tt0210681.mp4,Filme,,Dublado,0,,,28/04/2026,
79563,O Que Sobrou de Nós,https://image.tmdb.org/t/p/w185/AhckG5jeO91VEI0vt8E0yMJhodG.jpg,"Drama, Lançamentos","Após a morte repentina de seu irmão mais novo, um adolescente se apaixona pela ex-namorada de seu falecido irmão. Por meio desse amor, ele encontra forças para continuar lutando.",http://fhd4.oneplayer.site/343rt342wtg34wetg34retg4rgh5kh4/FHD4/tt22024112.mp4,Filme,,Dublado,0,,,28/04/2026,
79564,Intriga Internacional,https://image.tmdb.org/t/p/w185/fYMQBR5SXqMoOYsOBxgZYEtXTr7.jpg,"Aventura, Thriller","Confundido com um agente secreto, de uma hora para outra o publicitário Roger Tornhill se vê envolvido numa complicada trama de espionagem, sendo acusado inclusive de assassinato. Enquanto tenta provar sua inocência, é perseguido tanto pela polícia como por agentes criminosos.",http://fhd1.oneplayer.site/ertg43r5g34ty34yt543t43wer234t34y3s7/FHD10/tt0053125.mp4,Filme,,Dublado,0,,,28/04/2026,
79565,Uma Mulher Diferente,https://image.tmdb.org/t/p/w185/vzq3ab33WggpNHMBs6QpYaDfg1e.jpg,"Comédia, Lançamentos, Romance","Katia, uma pesquisadora de 35 anos que trabalha em uma produtora de documentários, vive uma relação turbulenta e instável com Fred, seu companheiro. Ao mergulhar em um novo projeto profissional, Katia se vê confrontada com temas que ressoam intimamente em sua própria trajetória. Esse processo a impulsiona a nomear e reconhecer algo que sempre esteve presente, mas nunca havia sido dito em voz alta: uma diferença essencial que a separa do outro — e talvez até de si mesma. Essa revelação íntima e transformadora colocará seu relacionamento em xeque.",http://fhd4.oneplayer.site/343rt342wtg34wetg34retg4rgh5kh4/FHD4/tt34487780.mp4,Filme,,Dublado,0,,,28/04/2026,
79566,Um Lugar no Coração,https://image.tmdb.org/t/p/w185/nTHJdJ63YmUzf3lMh3lVvfZqRhn.jpg,Drama,"Nos anos 30, em Waxahachie, Texas, durante a Grande Depressão, Edna Spalding (Sally Field) é uma viúva que luta desesperadamente para manter a família unida e salvar a sua fazenda de algodão, apesar de sofrer pressões por dar emprego a um negro (o marido dela foi morto por um negro, que estava armado e bêbado). Juntamente com Will (John Malkovich), um inquilino cego, ela consegue forças para tentar superar os problemas.",http://fhd1.oneplayer.site/ertg43r5g34ty34yt543t43wer234t34y3s7/FHD10/tt0087921.mp4,Filme,,Dublado,0,,,28/04/2026,
79567,53 Domingos,https://image.tmdb.org/t/p/w185/rL6GKuOAPUEGk0hqeY9sLRJTPWE.jpg,"Comédia, Drama, Lançamentos","Três irmãos aceitam conversar sobre o futuro do pai, mas o reencontro se transforma em uma troca de ofensas movida por antigas mágoas.",http://fhd4.oneplayer.site/343rt342wtg34wetg34retg4rgh5kh4/FHD4/tt32155665.mp4,Filme,,Dublado,0,,,28/04/2026,
79568,O Regresso para Bountiful,https://image.tmdb.org/t/p/w185/qJ6A6fvp8PLFxxLVPLveFUmTOCG.jpg,Drama,,http://fhd1.oneplayer.site/ertg43r5g34ty34yt543t43wer234t34y3s7/FHD10/tt0090203LEG.mp4,Filme,,Legendado,0,,,28/04/2026,
79569,A Virgem da Pedreira,https://image.tmdb.org/t/p/w185/f3TvzHqcFTb2TPokvV6hjC6Ypsz.jpg,"Drama, Lançamentos, Terror, Thriller","Baseado em dois contos de Mariana Enriquez, este filme argentino de terror visceral acompanha uma adolescente durante um verão abafado no subúrbio. Obcecada por um garoto, ela recorre a um ritual pagão perverso e desencadeia uma tragédia.",http://fhd4.oneplayer.site/343rt342wtg34wetg34retg4rgh5kh4/FHD4/tt15460036.mp4,Filme,,Dublado,0,,,28/04/2026,
79570,Naufrágio no Pacífico,https://image.tmdb.org/t/p/w185/roeHlJOxSqb1UrxYGS7Pn8beefo.jpg,"Aventura, Cinema TV, Drama","Jack Carpenter e sua esposa, Claire, realizam seu sonho de toda a vida vendendo a fazenda da família e desenraizando seus quatro filhos para comprar o iate Providence. Os filhos Gary, Brian e Timmy tentam honestamente e a filha, Susan, decide trabalhar em um porto. Seu lugar é ocupado por Wally Hudson, que queria uma carona para o Taiti e prova ser um pirralho mimado, sem a experiência de navegação que afirma ter. Pouco depois de avistar baleias, o Providence é atingido por todo um grupo e afunda, rápido demais para que pensem em enviar uma mensagem de rádio. Sua jangada inflável não é grande o suficiente para todos eles caberem e os suprimentos são apenas para um ou três dias. Para avançar 1.600 quilômetros, onde é muito mais provável que o tráfego marítimo os encontre, Jack projeta uma vela. Tudo se mostra difícil, até a chuva que eles tanto desejavam, mas os meninos mostram muita coragem. Em apenas algumas semanas, Susan começa uma busca.",http://fhd1.oneplayer.site/ertg43r5g34ty34yt543t43wer234t34y3s7/FHD10/tt0105499.mp4,Filme,,Dublado,0,,,28/04/2026,
79571,BTS: O Reencontro,https://image.tmdb.org/t/p/w185/vfE6dI8ECv4mbctoHQF5vSpLZEX.jpg,"Documentário, Lançamentos, Música","Acompanha os sete membros após o serviço militar, reunidos em Los Angeles para compor o novo álbum ARIRANG. O documentário registra o processo criativo, reflexões sobre o amadurecimento e a pressão do retorno, destacando a camaradagem do grupo em uma fase íntima.",http://fhd4.oneplayer.site/343rt342wtg34wetg34retg4rgh5kh4/FHD4/tt39578551.mp4,Filme,,Dublado,0,,,28/04/2026,
79572,Pânico 7,https://image.tmdb.org/t/p/w185/rEevavl5vebCVEd5imx7D1k8nmV.jpg,"Crime, Lançamentos, Mistério, Terror","Quando um novo Ghostface surge na pacata cidade onde Sidney Prescott reconstruiu sua vida, seus medos mais sombrios se tornam reais enquanto sua filha se torna o próximo alvo do assassino. Determinada a proteger sua família, Sidney terá que enfrentar os horrores do seu passado para acabar com o massacre de uma vez por todas.",http://fhd4.oneplayer.site/343rt342wtg34wetg34retg4rgh5kh4/FHD4/tt27047903.mp4,Filme,,Dublado,0,,,28/04/2026,
79573,Pacto Sinistro,https://image.tmdb.org/t/p/w185/k69OBIOY2EtK33A8cicI0nCtuB2.jpg,"Crime, Thriller","Haines é um tenista famoso, casado, que gostaria de se divorciar para casar novamente com Anne Morton, a mulher que ama, e que é filha de um senador estadunidense. Para isso Haines viaja até Metcalf, sua cidade natal, com o intuito de conseguir a assinatura do divórcio de sua infiel mulher, Miriam, e fica furioso quando não consegue. Encontra no trem um psicopata chamado Bruno Antony, que o reconhece dos jornais e sabe de toda sua história. A certa altura, durante a viagem, Bruno propõe um pacto: ele mataria a mulher de Haines e em troca Haines mataria o pai dele. Embora Haines não tenha aceitado, Bruno realiza a sua parte e insiste em cobrar o pacto de Haines.",http://fhd1.oneplayer.site/ertg43r5g34ty34yt543t43wer234t34y3s7/FHD10/tt0044079.mp4,Filme,,Dublado,0,,,28/04/2026,
79574,Amor Em Grande Estilo,https://image.tmdb.org/t/p/w185/5gXKzzbIEast05swrejhQu4J5rz.jpg,"Cinema TV, Comédia, Romance","Ella trabalha como costureira freelancer em uma revista de moda de alto perfil, e conhece o belo e charmoso Derek, que está prestes a assumir o negócio de revistas de seu pai.",http://fhd1.oneplayer.site/ertg43r5g34ty34yt543t43wer234t34y3s7/FHD10/tt21653744.mp4,Filme,,Dublado,0,,,28/04/2026,
79575,Terror Virtual,https://image.tmdb.org/t/p/w185/pVRzCS3ylEsaQpE14tgG7vpIkGl.jpg,"Comédia, Lançamentos, Terror",Alguns amigos que perderam o contato durante a pandemia decidem fazer uma chamada de vídeo para colocar a conversa em dia. Mas o encontro virtual toma um rumo inesperado quando uma pessoa desconhecida assume o lugar de um dos participantes.,http://fhd4.oneplayer.site/343rt342wtg34wetg34retg4rgh5kh4/FHD4/tt14444416.mp4,Filme,,Dublado,0,,,28/04/2026,
79576,Desligue!,https://image.tmdb.org/t/p/w185/wqKMWmVp3ikis54weAzATE2mB56.jpg,"Crime, Drama, Lançamentos, Thriller","Um grupo de mulheres cai em um golpe por telefone, e a polícia não ajuda. Determinadas a reconquistar suas vidas, elas se unem para investigar e fazer justiça com as próprias mãos.",http://fhd4.oneplayer.site/343rt342wtg34wetg34retg4rgh5kh4/FHD4/tt39744394.mp4,Filme,,Dublado,0,,,28/04/2026,
79577,À Espera da Morte,https://image.tmdb.org/t/p/w185/kwCIrIEAQaUfzopPSM8iwBzCjDG.jpg,"Lançamentos, Terror, Thriller","Uma jovem em busca de respostas para um mistério do seu passado aceita um emprego para cuidar de uma adolescente doente que está passando por uma transformação misteriosa, a qual sua família fará de tudo para impedir.",http://fhd4.oneplayer.site/343rt342wtg34wetg34retg4rgh5kh4/FHD4/tt18107136.mp4,Filme,,Dublado,0,,,28/04/2026,
79578,Ladrão que Rouba Ladrão,https://image.tmdb.org/t/p/w185/kIlOk91EY5tie9TN4tlUCUAEWUq.jpg,"Lançamentos, Mistério, Thriller","James é um ladrão que descobre que uma mansão estará vazia no fim de semana. Mas ao tentar assaltar o lugar, ele descobre que outras pessoas tiveram a mesma ideia.",http://fhd4.oneplayer.site/343rt342wtg34wetg34retg4rgh5kh4/FHD4/tt24246566.mp4,Filme,,Dublado,0,,,28/04/2026,
79579,Um Cabra Bom de Bola,https://image.tmdb.org/t/p/w185/x0SRTrltSJi1iQiIAUpyvkxnr41.jpg,"Animação, Comédia, Família, Lançamentos","Uma pequena cabra com grandes sonhos recebe uma oportunidade única na vida de se juntar aos profissionais e jogar berrobol, um esporte de alta intensidade, misto e de contato total, dominado pelos animais mais rápidos e ferozes do mundo.",http://fhd4.oneplayer.site/343rt342wtg34wetg34retg4rgh5kh4/FHD4/tt27613895.mp4,Filme,,Dublado,0,,,28/04/2026,
79580,Lindas e Letais,https://image.tmdb.org/t/p/w185/4pT2iF95MkmEG51CT5Is4fq7im3.jpg,"Ação, Lançamentos, Thriller","Um thriller repleto de ação no qual cinco bailarinas, perdidas em uma floresta remota a caminho de uma competição de dança, encontram abrigo em uma pousada sinistra à beira da estrada, administrada por Devora Kasimer, e precisam usar seu treinamento de elite como arma para sobreviver.",http://fhd4.oneplayer.site/343rt342wtg34wetg34retg4rgh5kh4/FHD4/tt26678938.mp4,Filme,,Dublado,0,,,28/04/2026,
79581,Shootfighter: O Combate Mortal,https://image.tmdb.org/t/p/w185/77FwxEOXJOmGBVs8XKkwmk35tm8.jpg,"Ação, Lançamentos","Shingo é um professor de artes marciais. Teng, seu antigo desafeto, lidera o circuito de lutas ilegais de Hong Kong. Quando Teng descobre que os campeões Nick e Ruben são alunos de seu inimigo, ele os atrai para o circuito proibido, sabendo que Shingo virá no encalço dos dois.",http://fhd4.oneplayer.site/343rt342wtg34wetg34retg4rgh5kh4/FHD4/tt0105395.mp4,Filme,,Dublado,0,,,28/04/2026,
79582,Jantar Sangrento,https://image.tmdb.org/t/p/w185/nVvi9eZBE3EsZJwAKMmD22A0eH8.jpg,"Comédia, Lançamentos, Terror, Thriller",O tradicional jantar de domingo da família Jenning sofre uma reviravolta quando o tio Frank conta uma surpresa desagradável e é morto durante a ceia.,http://fhd4.oneplayer.site/343rt342wtg34wetg34retg4rgh5kh4/FHD4/tt26680972.mp4,Filme,,Dublado,0,,,28/04/2026,
79583,Joey e Ella: Uma Amizade Extraordinária,https://image.tmdb.org/t/p/w185/cpv9ANtRqFtPRiwFK6IYP8UkKcP.jpg,"Aventura, Comédia, Família, Lançamentos","Um misterioso diamante faz com que Joey, um bebê canguru, cresça excessivamente e fique muito rápido. Dois ladrões tentam roubar a joia mágica, mas uma adolescente e seu novo namorado defendem Joey dos malvados.",http://fhd4.oneplayer.site/343rt342wtg34wetg34retg4rgh5kh4/FHD4/tt11465676.mp4,Filme,,Dublado,0,,,28/04/2026,
79584,Uno: Entre o Ouro e a Morte,https://image.tmdb.org/t/p/w185/rdAhvQSD6UtsXVkpdFfJGNiT511.jpg,"Crime, Drama, Lançamentos, Thriller","Uma mulher retorna à sua cidade natal, uma comunidade mineradora, determinada a revelar a verdade por trás da tragédia que destruiu sua família.",http://fhd4.oneplayer.site/343rt342wtg34wetg34retg4rgh5kh4/FHD4/tt13147542.mp4,Filme,,Dublado,0,,,28/04/2026,
79585,Isso Ainda Está de Pé?,https://image.tmdb.org/t/p/w185/x8NI9gdziDkOP0j81Sb5PCFkdpu.jpg,"Comédia, Drama, Lançamentos","Alex e Tess decidem por um divórcio amigável após anos juntos num casamento que lentamente se desfez. Agora, começa uma fase estranha de descobrir como é a vida separados enquanto tentam cuidar e educar dois meninos e manter suas amizades cultivadas como um casal ao longo desses anos. Alex inevitavelmente enfrenta uma crise de meia idade, buscando um novo propósito na cena de comédia stand up em Nova York. Enquanto isso, Tess confronta os sacrifícios que fez pelo bem da família durante todo esse tempo. Os dois são forçados a encarar uma nova realidade em que dividem as obrigações enquanto pais, descobrem suas identidades e tentam entender se o amor pode tomar outras formas.",http://fhd4.oneplayer.site/343rt342wtg34wetg34retg4rgh5kh4/FHD4/tt28083456.mp4,Filme,,Dublado,0,,,28/04/2026,
79586,Meu Sonho Americano,https://image.tmdb.org/t/p/w185/fbrXXpnXpGHVcrXP66ZzdtsZofD.jpg,"Drama, Lançamentos, Romance","Dylan, um operário da construção civil de 21 anos que vive em uma área rural do Novo México, junta-se a uma comunidade de rancheiros e artistas de rodeio LGBTQIA+ em busca de sua própria versão do sonho americano.",http://fhd4.oneplayer.site/343rt342wtg34wetg34retg4rgh5kh4/FHD4/tt22803220.mp4,Filme,,Dublado,0,,,28/04/2026,
79587,Não Quero Te Perder,https://image.tmdb.org/t/p/w185/lQxOqsWDESSVSIAKrqwNJcY6qUS.jpg,"Drama, Lançamentos","Pedro, um músico viúvo que mora com a neta, começa a ter episódios de esquecimento e é diagnosticado com a doença de Alzheimer. Enquanto lida com a doença, Pedro passa a ter alucinações com sua esposa.",http://fhd4.oneplayer.site/343rt342wtg34wetg34retg4rgh5kh4/FHD4/tt39300469.mp4,Filme,,Dublado,0,,,28/04/2026,
79588,No Reino das Sombras,https://image.tmdb.org/t/p/w185/3F5BcXma9q91Sulyz6O2RBk4NEB.jpg,"Aventura, Fantasia, Lançamentos","Após a morte do rei, o Reino de Aberon mergulha na escuridão sob o domínio da cruel Rainha Ginnarra. Seu irmão exilado, Príncipe Elderon, alia-se a uma rebelião e invoca um dragão na esperança de derrotar a rainha e os Deuses Sombrios que ela serve.",http://fhd4.oneplayer.site/343rt342wtg34wetg34retg4rgh5kh4/FHD4/tt34147499.mp4,Filme,,Dublado,0,,,28/04/2026,
79589,A Origem dos Red Hot Chili Peppers: Nosso Irmão Hillel,https://image.tmdb.org/t/p/w185/5yaZn7arwlDSdiEH8aAxSArVJ0t.jpg,"Documentário, Lançamentos, Música","Este documentário revisita os primeiros anos do Red Hot Chili Peppers e a influência decisiva do guitarrista original da banda, Hillel Slovak.",http://fhd4.oneplayer.site/343rt342wtg34wetg34retg4rgh5kh4/FHD4/tt36971084.mp4,Filme,,Dublado,0,,,28/04/2026,
79590,Servindo Nazistas,https://image.tmdb.org/t/p/w185/aOlVasVXQLr5WjLdfJAd5KI8xTS.jpg,"Drama, Guerra, História, Lançamentos",Filip é um jovem judeu que conseguiu fugir da Polônia e finge ser francês para trabalhar como garçom em um sofisticado hotel alemão. Mas o seu novo estilo de vida repleto de luxo pode estar com os dias contados.,http://fhd4.oneplayer.site/343rt342wtg34wetg34retg4rgh5kh4/FHD4/tt15460742.mp4,Filme,,Dublado,0,,,28/04/2026,
79591,Resgate Polar,https://image.tmdb.org/t/p/w185/jGrdGu169sivYwjxHXNtPrGpbl6.jpg,"Aventura, Drama, Lançamentos, Thriller","Um pai enfrenta uma prova extrema ao se separar do filho durante uma viagem por montanhas nevadas. Em um ambiente hostil, inicia uma busca intensa que testa resistência, amor e determinação em um drama de sobrevivência.",http://fhd4.oneplayer.site/343rt342wtg34wetg34retg4rgh5kh4/FHD4/tt14101466.mp4,Filme,,Dublado,0,,,28/04/2026,
79592,O Diário de Pilar na Amazônia,https://image.tmdb.org/t/p/w185/kFBWjlAhdGgVFYXFN6hI5Pflezy.jpg,"Aventura, Lançamentos","Pilar, uma jovem curiosa e exploradora, embarca com o melhor amigo Breno e o gato Samba numa missão na floresta amazônica. Lá, eles conhecem Maiara, uma jovem ribeirinha cuja comunidade foi destruída por madeireiros. No caminho, encontram Bira, um jovem pescador que conhece bem a floresta. Pilar e seus amigos partem em busca dos pais de Maiara, até que descobrem uma quadrilha de madeireiros que estão cortando árvores ilegalmente. Com a ajuda de uma tribo indígena e dos seres mitológicos, Pilar e seus amigos conseguem deter os madeireiros, mais decididos que nunca a salvar a natureza e a reflorestar o planeta.",http://fhd4.oneplayer.site/343rt342wtg34wetg34retg4rgh5kh4/FHD4/tt34382344.mp4,Filme,,Dublado,0,,,28/04/2026,
79593,Sem Deixar Vestigios,https://image.tmdb.org/t/p/w185/vmsQbvd1kykD4hZvvnAh88eyuXA.jpg,"Lançamentos, Thriller","Quando os restos mortais de 11 mulheres e meninas são descobertos no deserto do Novo México, uma extensa investigação é iniciada. O Chefe de Polícia Carter, o Detetive Ortega e o Agente Petrovick fazem um esforço multiagências para identificar e prender o assassino. À medida que cada uma das suas agendas e métodos se chocam, uma emaranhada teia de intrigas lança suspeitas em todas as direções.",http://fhd4.oneplayer.site/343rt342wtg34wetg34retg4rgh5kh4/FHD4/tt10993078.mp4,Filme,,Dublado,0,,,28/04/2026,
79594,Missão Silenciosa: A Batalha do Oceano Ártico,https://image.tmdb.org/t/p/w185/edshCzX3Rl7jrHYZyDEVa3fTAFs.jpg,"Guerra, Lançamentos","Nos mares gelados do norte, o submarino nuclear Yamato inicia sua viagem nas profundezas ao som de Mozart, rumo à sede das Nações Unidas, em Nova York. No Estreito de Bering, entre os EUA e a Rússia, um submarino nuclear americano se aproxima e ofusca o Yamato. Agora, começa a batalha entre as placas de gelo rachadas no frio Oceano Ártico.",http://fhd4.oneplayer.site/343rt342wtg34wetg34retg4rgh5kh4/FHD4/tt38580081.mp4,Filme,,Dublado,0,,,28/04/2026,
79595,Os 5 Fora da Lei,https://image.tmdb.org/t/p/w185/1W6xHhVu9n3JsBnvziHTLtQv6Z6.jpg,"Faroeste, Lançamentos","Um grupo de ladrões descobre que o dinheiro que eles roubaram de um trem desapareceu. Enquanto tentam desvendar quem é o verdadeiro culpado, cada um dos ladrões tenta provar a sua inocência.",http://fhd4.oneplayer.site/343rt342wtg34wetg34retg4rgh5kh4/FHD4/tt25752732.mp4,Filme,,Dublado,0,,,28/04/2026,
79596,Peaky Blinders: O Homem Imortal,https://image.tmdb.org/t/p/w185/8XLNDeumvz0cXa6sntZJ6p4zfLb.jpg,"Crime, Drama, Lançamentos","Após o envolvimento do filho em um complô nazista, o gângster Tommy Shelby precisa deixar o exílio e voltar a Birmingham para salvar a família e a nação.",http://fhd4.oneplayer.site/343rt342wtg34wetg34retg4rgh5kh4/FHD4/tt15574124.mp4,Filme,,Dublado,0,,,28/04/2026,
79597,O Último Herege,https://image.tmdb.org/t/p/w185/scr1jp4IcNdeGddDrBEJLNYm9C3.jpg,"Lançamentos, Terror, Thriller","Um bem-sucedido escritor de livros sobre ateísmo recebe um transplante de coração que salva a sua vida, mas também dá início a uma onda de terror que o transformará em uma vítima do fanatismo e um prisioneiro da loucura.",http://fhd4.oneplayer.site/343rt342wtg34wetg34retg4rgh5kh4/FHD4/tt19885330.mp4,Filme,,Dublado,0,,,28/04/2026,
79598,A Casa de Tijolos de Barro,https://image.tmdb.org/t/p/w185/AvztgPp1vHSaJEjWI5LHZTIMv13.jpg,"Drama, Lançamentos, Terror","Após herdar uma casa antiga em sua aldeia natal na Europa Oriental, um homem retorna depois de viver na Inglaterra. Ele descobre que os habitantes escondem um segredo sombrio sobre um culto pagão eslavo e seu próprio passado.",http://fhd4.oneplayer.site/343rt342wtg34wetg34retg4rgh5kh4/FHD4/tt11344264.mp4,Filme,,Dublado,0,,,28/04/2026,
79599,Terror Cego,https://image.tmdb.org/t/p/w185/gR2xs6S9F2zjPrmzWsgMXSdVX2C.jpg,"Terror, Thriller","Uma bonita e jovem mulher (Mia Farrow) fica cega numa queda de cavalo e é levada pelos tios a viver com eles, em uma maravilhosa casa de fazenda no campo. Mas, em vez de tranquilidade, ela encontra um inferno de horror quando presencia a brutalidade do assassinato de seu tio, tia e prima. Quando ela descobre acidentalmente um bracelete de prata deixado pelo assassino, sua sobrevivência passa a estar por um fio.",http://fhd1.oneplayer.site/ertg43r5g34ty34yt543t43wer234t34y3s7/FHD10/tt0067727.mp4,Filme,,Dublado,0,,,28/04/2026,
79600,A Criada Proibida,https://image.tmdb.org/t/p/w185/64FMoee8uhYNuUZrxqVWvLf9kgG.jpg,Thriller,"A tarefa de Daisy como nova empregada doméstica de uma família rica é cuidar de uma criança, mas, sem saber, ela está sendo observada pelo pai da criança. Quando a tentação surge, a vida da família e de Daisy começa a desmoronar.",http://fhd1.oneplayer.site/ertg43r5g34ty34yt543t43wer234t34y3s7/FHD10/tt15887102.mp4,Filme,,Dublado,0,,,28/04/2026,
79601,Projeto Dinossauro,https://image.tmdb.org/t/p/w185/zvmTfBAhJHaNSnXZt93DFX2KcDI.jpg,"Ação, Aventura, Terror","Médica acompanha pai e filho que querem fazer um documentário durante uma viagem ao Congo. Lá, eles descobrem criaturas que pensavam ter sido extintas… dinossauros. Agora, com uma câmera na mão para documentar tudo, eles lutam para sobreviver.",http://fhd1.oneplayer.site/ertg43r5g34ty34yt543t43wer234t34y3s7/FHD10/tt1907779.mp4,Filme,,Dublado,0,,,28/04/2026,
79602,Kong: O Rei de Atlântis,https://image.tmdb.org/t/p/w185/nnrogO1VbIPz63QtCntLTqksEUt.jpg,"Animação, Aventura, Família","O gigantesco Kong, renascido a partir do DNA do King Kong original e do DNA de seu “irmão” humano, Jason, é o rei da ilha onde vive. Mas agora, de acordo com uma antiga profecia, a antiga civilização de Atlântida ressurgiu do fundo do mar e sua rainha maligna quer que ele governe ao seu lado para se tornar novamente Kong: Rei de Atlântida. Jason e seus bravos amigos tentam impedir os planos da rainha, enfrentando soldados, animais enormes, muitos obstáculos, enigmas e inimigos. Em meio a aventuras emocionantes e cheias de ação, Jason terá que usar seus poderes especiais de fusão cibernética para que ele e Kong se tornem um único herói. Somente juntos poderão salvar a Ilha Kong…",http://fhd1.oneplayer.site/ertg43r5g34ty34yt543t43wer234t34y3s7/FHD10/tt0756311.mp4,Filme,,Dublado,0,,,28/04/2026,
79603,A Vida da Outra,https://image.tmdb.org/t/p/w185/dN7anfYszXWCkm0pzJ2wUezV9qa.jpg,"Comédia, Drama, Lançamentos, Romance","Duas irmãs gêmeas têm vidas completamente diferentes. Uma se casou com um empresário rico e acabou de ter um filho, enquanto a outra é uma médica que enfrenta problemas financeiros e busca um novo emprego no exterior.",http://fhd4.oneplayer.site/343rt342wtg34wetg34retg4rgh5kh4/FHD4/tt13282792.mp4,Filme,,Dublado,0,,,28/04/2026,
79604,Detox de Plástico,https://image.tmdb.org/t/p/w185/q97dOzjJNNz1Kw2lWZkdEjzJttp.jpg,"Documentário, Lançamentos",Este documentário acompanha seis casais com problemas inexplicáveis de fertilidade que diminuem a exposição aos plásticos na esperança de conseguir engravidar.,http://fhd4.oneplayer.site/343rt342wtg34wetg34retg4rgh5kh4/FHD4/tt39345599.mp4,Filme,,Dublado,0,,,28/04/2026,
79605,Finja-se de Morta,https://image.tmdb.org/t/p/w185/s8SQ73M4MvhY0U4FgV1TlukFgZJ.jpg,"Lançamentos, Terror","Uma mulher acorda ferida em um porão cercada por cadáveres. Para sobreviver, ela finge estar morta enquanto um ritual grotesco acontece na casa do andar de cima.",http://fhd4.oneplayer.site/343rt342wtg34wetg34retg4rgh5kh4/FHD4/tt34793095.mp4,Filme,,Dublado,0,,,28/04/2026,
79606,Os Irmãos Mašín,https://image.tmdb.org/t/p/w185/9Lm1HqB0XsJ3Ago80CorvOHfAmp.jpg,"Ação, Drama, Guerra, História, Lançamentos","Em 1953, cinco amigos decidem fugir da Tchecoslováquia comunista para se juntarem ao exército americano na Berlim Ocidental.",http://fhd4.oneplayer.site/343rt342wtg34wetg34retg4rgh5kh4/FHD4/tt14232442.mp4,Filme,,Dublado,0,,,28/04/2026,
79607,Crepúsculo de Aço,https://image.tmdb.org/t/p/w185/7bR9Pr6GhZfPUmd4JZK4oDIt3s.jpg,"Ação, Aventura, Ficção científica, Lançamentos","Num mundo pós-apocalíptico, um guerreiro que vagueia pelo deserto encontra um grupo de colonos que estão sendo ameaçados por uma gangue assassina que está atrás da água que eles controlam.",http://fhd4.oneplayer.site/343rt342wtg34wetg34retg4rgh5kh4/FHD4/tt0094033.mp4,Filme,,Dublado,0,,,28/04/2026,
79608,O Último Refúgio,https://image.tmdb.org/t/p/w185/hFU9lETUKtDnBBAuhARQOUDJOSO.jpg,"Ação, Drama, Ficção científica, Lançamentos, Thriller","Em um futuro devastado pela fome, a veterana Hailey luta para proteger sua família e sua fazenda no interior do Canadá. Quando uma milícia violenta tenta tomar suas terras, mãe e filho precisam se unir para sobreviver.",http://fhd4.oneplayer.site/343rt342wtg34wetg34retg4rgh5kh4/FHD4/tt29634843.mp4,Filme,,Dublado,0,,,28/04/2026,
79609,Patrulha Noturna,https://image.tmdb.org/t/p/w185/7tAyZKZc1dQsu6ybfRTcIpjsbbK.jpg,"Ação, Lançamentos, Mistério, Terror","Um patrulheiro do departamento de polícia de Los Angeles (LAPD) é obrigado a deixar de lado seus conflitos com as gangues locais ao descobrir que uma força-tarefa policial da região, da qual seu antigo parceiro faz parte, guarda um segredo terrível capaz de colocar em perigo a comunidade do bairro onde ele cresceu.",http://fhd4.oneplayer.site/343rt342wtg34wetg34retg4rgh5kh4/FHD4/tt8637438.mp4,Filme,,Dublado,0,,,28/04/2026,
79610,Mar.IA,https://image.tmdb.org/t/p/w185/hFDCZtNImFouWbA8NgyE7sTCbn6.jpg,"Ficção científica, Lançamentos, Terror","Depois de desaparecer misteriosamente, uma atriz de filmes adultos reaparece para estrelar uma nova produção, escondendo segredos obscuros e planejando uma vingança brutal.",http://fhd4.oneplayer.site/343rt342wtg34wetg34retg4rgh5kh4/FHD4/tt16897732.mp4,Filme,,Dublado,0,,,28/04/2026,
79611,Ruído da Morte,https://image.tmdb.org/t/p/w185/oEmSSzXxSMTX02TM15DzRB9HRsu.jpg,"Ação, Ficção científica, Lançamentos, Terror, Thriller","Os membros de uma equipe de segurança de elite são enviados para resgatar um VIP em uma ilha exclusiva. A missão de resgate se torna uma tentativa desesperada de sobreviver, escapar da ilha e iludir uma presença sinistra.",http://fhd4.oneplayer.site/343rt342wtg34wetg34retg4rgh5kh4/FHD4/tt22805590.mp4,Filme,,Dublado,0,,,28/04/2026,
79612,Algea: Deus da Dor,https://image.tmdb.org/t/p/w185/eY8o9fmKPVCitZI8VOsuSc7GLyH.jpg,"Ficção científica, Lançamentos, Terror, Thriller","Um homem desperta no meio da rua sem saber onde está ou como foi parar ali. Perdido e atormentado por seus próprios demônios, ele é forçado a encará-los antes que a abertura de um portal para o submundo revele o segredo de Algea, o Deus da Dor.",http://fhd4.oneplayer.site/343rt342wtg34wetg34retg4rgh5kh4/FHD4/tt14909408.mp4,Filme,,Dublado,0,,,28/04/2026,
79613,Assassino de Sangue,https://image.tmdb.org/t/p/w185/6IhsMY5Ud5WJxtEX9gpGuvHP7nl.jpg,"Lançamentos, Terror, Thriller","Após ter a família e amigos brutalmente assassinados pelo primo perturbado, Moira tenta reconstruir sua vida. Vivendo discretamente com os filhos em um subúrbio, ela é constantemente assombrada pelo sucesso de uma popular franquia de terror inspirada em sua sobrevivência, exibida todos os anos no mês de outubro.",http://fhd4.oneplayer.site/343rt342wtg34wetg34retg4rgh5kh4/FHD4/tt13899250.mp4,Filme,,Dublado,0,,,28/04/2026,
79614,13 Dias no Lago da Morte,https://image.tmdb.org/t/p/w185/lpzEoqapKvczwg9tFeQ07BfZRdy.jpg,"Aventura, Comédia, Lançamentos, Terror","No lago mais perigoso da Flórida, um jacaré gigante espalha terror ao iniciar uma matança para retomar seu território. Para detê-lo, um domador de jacarés e ex-presidiário recebe a chance de apagar seu passado se conseguir caçar a criatura.",http://fhd4.oneplayer.site/343rt342wtg34wetg34retg4rgh5kh4/FHD4/tt30782197.mp4,Filme,,Dublado,0,,,28/04/2026,
79615,Bibi,https://image.tmdb.org/t/p/w185/dPtIosJaXBlBADfTqhYY2suRuhi.jpg,"Drama, Lançamentos, Terror, Thriller","Vivian vive à beira do colapso e acredita estar sendo perseguida. Afundada em medicamentos e álcool, ela passa a confundir pesadelos e realidade e, ao tentar proteger a filha Bibi, embarca em uma jornada perturbadora.",http://fhd4.oneplayer.site/343rt342wtg34wetg34retg4rgh5kh4/FHD4/tt14164156.mp4,Filme,,Dublado,0,,,28/04/2026,
79616,As Coisas Serão Diferentes,https://image.tmdb.org/t/p/w185/lJFyzfXQoclsF6mXkeppy8DqNup.jpg,"Ficção científica, Lançamentos, Terror, Thriller","Em fuga após um assalto, dois irmãos se escondem em uma fazenda abandonada. Quando uma força misteriosa emerge, isso faz com que a dupla questione tudo sobre si mesmos – e um sobre o outro.",http://fhd4.oneplayer.site/343rt342wtg34wetg34retg4rgh5kh4/FHD4/tt27491225.mp4,Filme,,Dublado,0,,,28/04/2026,
79617,Bem-vindo à Tarzana,https://image.tmdb.org/t/p/w185/11jOjHMorE3JCrEfaLheGFijOFg.jpg,"Comédia, Lançamentos","Depois de descobrir que sua empresa estava espionando, coletando e vendendo dados ilicitamente sobre eles, três amigos milenares se unem para lutar contra um chefe lascivo e o CEO maníaco da empresa obcecado por Tarzan.",http://fhd4.oneplayer.site/343rt342wtg34wetg34retg4rgh5kh4/FHD4/tt10188398.mp4,Filme,,Dublado,0,,,28/04/2026,
79618,Faster: No Limite da Velocidade,https://image.tmdb.org/t/p/w185/aZjK5o8ygFUV1BFSE8nRcwbuva8.jpg,"Ação, Drama, Lançamentos, Romance","Max sempre viveu pela velocidade. Num mundo que a rejeitou, um ex-piloto ousado mantém a fé e persegue um único objetivo: torná-la a mais rápida de todas.",http://fhd4.oneplayer.site/343rt342wtg34wetg34retg4rgh5kh4/FHD4/tt34208307.mp4,Filme,,Dublado,0,,,28/04/2026,
79619,A Greve das Camareiras,https://image.tmdb.org/t/p/w185/aMBJOw4TxBJCrqPqEhGbmpyMgzG.jpg,"Comédia, Lançamentos","Eva começa a trabalhar como camareira em um dos hotéis mais luxuosos de Paris. Mas ganhando pouco e trabalhando exaustivamente, as funcionárias do lugar se juntam para protestar por melhores condições de trabalho.",http://fhd4.oneplayer.site/343rt342wtg34wetg34retg4rgh5kh4/FHD4/tt27722491.mp4,Filme,,Dublado,0,,,28/04/2026,
79620,À Paisana,https://image.tmdb.org/t/p/w185/9NVBrFkIYVgx4jEtfLvFqwmJi2M.jpg,"Crime, Drama, Lançamentos, Romance","Durante a festa de Ano-Novo de sua mãe, Lucas, um jovem policial, perde uma carta que nunca deveria ser lida. Em meio ao sufocante ambiente familiar, a busca por essa mensagem desperta memórias de um passado que ele tenta deixar para trás. Meses antes, Lucas trabalhava disfarçado no banheiro de um shopping e prendia homens depois de seduzi-los. Porém, quando conhece Andrew, tudo muda. O que seria uma armadilha para prendê-lo acaba se transformando em algo muito mais inquietante e profundo. Esse vínculo secreto entre os dois se intensifica enquanto a pressão da polícia para realizar novas prisões aumenta, deixando Lucas dividido entre o dever e o desejo. Com o tempo se esgotando e o passado em seu encalço, a celebração de Ano-Novo vira um acerto de contas no qual tudo o que foi reprimido ameaça vir à tona.",http://fhd4.oneplayer.site/343rt342wtg34wetg34retg4rgh5kh4/FHD4/tt27550504.mp4,Filme,,Dublado,0,,,28/04/2026,
79621,A Máscara da Morte,https://image.tmdb.org/t/p/w185/gzbDpFwt9epEmser6pxfOBlFUCt.jpg,"Comédia, Lançamentos, Terror",Julio herda uma máscara como a que seu pai usava para matar. Um grupo de jovens chega à sua cidade e cruza seu caminho. Julio deve decidir se quer continuar a tradição da família ou abraçar o amor que acabou de conhecer.,http://fhd4.oneplayer.site/343rt342wtg34wetg34retg4rgh5kh4/FHD4/tt21158854.mp4,Filme,,Dublado,0,,,28/04/2026,
79622,Contos da Babilônia,https://image.tmdb.org/t/p/w185/y2QSS5zhyKPxiRxhyb7wH7Rbwal.jpg,"Lançamentos, Thriller","Quatro assassinos de aluguel procuram por um trabalho sem saber que os outros estão envolvidos. Crime, dinheiro e violência em Londres estão no centro dessa história da Babilônia moderna.",http://fhd4.oneplayer.site/343rt342wtg34wetg34retg4rgh5kh4/FHD4/tt15554886.mp4,Filme,,Dublado,0,,,28/04/2026,
79623,Gump 2 – Aventura em Dobro,https://image.tmdb.org/t/p/w185/3zjnqMQTdtJojKerQkMRDH2SOgk.jpg,"Aventura, Família, Lançamentos","Em busca de um novo dono, o cachorro Gump é obrigado a sair de casa. Durante sua jornada, ele reencontra sua irmã e precisará usar toda sua coragem e inteligência para salvá-la de monstros terríveis.",http://fhd4.oneplayer.site/343rt342wtg34wetg34retg4rgh5kh4/FHD4/tt31548492.mp4,Filme,,Dublado,0,,,28/04/2026,
79624,Ripper: Mensageiro do Inferno,https://image.tmdb.org/t/p/w185/c1aFQpsaPC2nUxHdDKu0YkSq3Sh.jpg,Terror,"No dia de seu aniversário de 16 anos, Molly Keller, torna-se a única sobrevivente de um violento massacre ocorrido numa pacífica ilha de férias onde estava com seus amigos. Traumatizada pelo fato, Molly direcionou toda a sua vida a pesquisar a psique dos serial killers, o que a levou ao programa de ciência na Universidade de Berkeley, orientado pelo famoso autor e caçador humano, professor Martin Kane. Mas, por incrível que pareça, o mesmo assassino que matou seus amigos no passado, parece estar de volta, desta vez no campus da universidade, obrigando-a a, com o auxilio de novos amigos, investigar os crimes. Descobrem que o modo de agir do assassino é semelhante ao de outros crimes não resolvidos em Londres: os de Jack – O Estripador. Agora, enquanto Molly luta para descobrir a identidade do assassino, novamente, um a um de seus amigos vão sendo eliminados.",http://fhd1.oneplayer.site/ertg43r5g34ty34yt543t43wer234t34y3s7/FHD10/tt0268579.mp4,Filme,,Dublado,0,,,28/04/2026,
79625,Gêmeas em Apuros,https://image.tmdb.org/t/p/w185/qOJBDSqBN4rY8Q8iM437tU0QKFP.jpg,Família,"Uma estudante do último ano do ensino médio pega carona com sua irmã gêmea, obcecada por concursos de beleza, para uma entrevista de admissão em Harvard. Mas tudo dá errado quando as irmãs adolescentes involuntariamente entram em posse de uma joia roubada e são perseguidas por perigosos ladrões.",http://fhd1.oneplayer.site/ertg43r5g34ty34yt543t43wer234t34y3s7/FHD10/tt4539912.mp4,Filme,,Dublado,0,,,28/04/2026,
79626,Demon Slayer: Kimetsu no Yaiba Castelo Infinito,https://image.tmdb.org/t/p/w185/c55sXCaQBj3vuHqZe62tv90xCQS.jpg,"Ação, Animação, Fantasia","Enquanto os membros dos caçadores e os Hashira participavam de um rigoroso programa de fortalecimento coletivo, conhecido como Treinamento dos Hashira, em preparação para a batalha final contra os demônios, Muzan Kibutsuji aparece na Mansão Ubuyashiki. Com a vida do líder da organização em risco, Tanjiro e os Hashira correm até o quartel-general, mas acabam sendo lançados, pelas mãos de Muzan, em uma queda profunda rumo a um espaço misterioso para um confronto final, o Castelo Infinito.",http://fhd1.oneplayer.site/ertg43r5g34ty34yt543t43wer234t34y3s7/FHD10/tt32820897LEG.mp4,Filme,,Legendado,0,,,28/04/2026,
79627,Eu Estou Esperando por Você,https://image.tmdb.org/t/p/w185/vtb5CtWqRZWmRG8g07dhMW9MeUT.jpg,"Cinema TV, Terror, Thriller","Sarah e sua mãe acabaram de se mudar para uma pequena cidade da Nova Inglaterra. Tudo estaria bem se não fosse a horrível maldição que assola a casa onde foram morar: dizem que há muitos anos uma outra garota, também chamada Sarah, foi queimada viva naquele lugar acusada de bruxaria. Nisso, coincidência ou não, uma terrível seqüência de mortes sangrentas passaram a acontecer na cidade. Seria Sarah uma nova bruxa?",http://fhd1.oneplayer.site/ertg43r5g34ty34yt543t43wer234t34y3s7/FHD10/tt0143296.mp4,Filme,,Dublado,0,,,28/04/2026,
79628,Made in Korea,https://image.tmdb.org/t/p/w185/foEObhyAMM3dxYeBEr242EdQDB7.jpg,"Drama, Lançamentos, Romance","Shenba sonhava em morar na Coreia do Sul desde criança. Mas quando finalmente consegue, será que ela vai reconstruir a vida e seguir em frente?",http://fhd4.oneplayer.site/343rt342wtg34wetg34retg4rgh5kh4/FHD4/tt38674977.mp4,Filme,,Dublado,0,,,28/04/2026,
79629,A Lenda do Dragão Quebra-Ossos,https://image.tmdb.org/t/p/w185/74OqO31AaubZGgreiHIomFyOXUx.jpg,"Animação, Aventura, Comédia, Família, Fantasia","O filme acompanha Soluço e seus jovens companheiros que acompanham seu mentor, Gobber, em uma missão para matar o lendário Dragão Quebra-Osso. Um extra que acompanha o filme “Como Treinar o Seu Dragão”.",http://fhd1.oneplayer.site/ertg43r5g34ty34yt543t43wer234t34y3s7/FHD10/tt1744776.mp4,Filme,,Dublado,0,,,28/04/2026,
79630,Mente Dilacerada,https://image.tmdb.org/t/p/w185/yhjTygYHeLg0LDTHPq1TgRjmeJr.jpg,"Ficção científica, Terror, Thriller",,http://fhd1.oneplayer.site/ertg43r5g34ty34yt543t43wer234t34y3s7/FHD10/tt0114070.mp4,Filme,,Dublado,0,,,28/04/2026,
79631,Dragões: O Livro dos Dragões,https://image.tmdb.org/t/p/w185/jDInObzAHYGsde02gTxL8B56HGT.jpg,"Ação, Animação, Comédia, Família, Fantasia","Então você quer ser um treinador de dragões, não é? Prepare-se para a aventura, emoção e treinamento, enquanto Soluço, Astrid, Banguela e Gobber contam a lenda por trás do Livro dos Dragões e revelam segredos de treinamento sobre novos dragões nunca vistos antes.",http://fhd1.oneplayer.site/ertg43r5g34ty34yt543t43wer234t34y3s7/FHD10/tt2113625.mp4,Filme,,Dublado,0,,,28/04/2026,
79632,ONE PIECE: A Série,https://image.tmdb.org/t/p/w185/mik4odDfAXQrabV4VA4X4IDtBXF.jpg,"Ação, Aventura, Ficção Científica, Fantasia","O jovem pirata Monkey D. Luffy veste o chapéu de palha e, com sua tripulação atrapalhada, zarpa em uma jornada épica nesta adaptação em live-action do popular mangá.",,Serie,2,Dublado,0,,,29/04/2026,
79633,Louis Theroux: Por Dentro da Machosfera,https://image.tmdb.org/t/p/w185/4KL3v3bTy8OCsgFgOlbZmeCBsQa.jpg,"Documentário, Lançamentos","Com acesso raro e sem limites, o aclamado documentarista investiga o crescimento da chamada machosfera e seus controversos influenciadores na internet.",http://fhd4.oneplayer.site/343rt342wtg34wetg34retg4rgh5kh4/FHD4/tt39792948.mp4,Filme,,Dublado,0,,,29/04/2026,
79634,Dr. Stone,https://image.tmdb.org/t/p/w185/jWGMYA1WzzqwrLILz5dPGiiTgZP.jpg,"Ação, Aventura, Animação, Animes","Em um instante, todos os humanos do mundo viraram pedra. Este acontecimento misterioso envolveu o estudante Taiju, depois de milhares de anos, ele e o seu amigo Senku despertam e decidem reconstruir a civilização do zero! E assim começa uma grande e única aventura de sobrevivência num mundo de ficção científica!",,Serie,4,Dublado,0,,,29/04/2026,
79635,Star Wars,https://image.tmdb.org/t/p/w185/g5G8CV8iJeG1Q0WFiB1ghreJ8qd.jpg,"Ação, Aventura, Ficção científica","Guerra nas Estrelas – Luke Skywalker (Mark Hammil) sonha ir para a Academia como seus amigos, mas se vê envolvido em uma guerra intergalática quando seu tio compra dois robôs e com eles encontra uma mensagem da princesa Leia Organa (Carrie Fisher) para o jedi Obi-Wan Kenobi (Alec Guiness) sobre os planos da construção da Estrela da Morte, uma gigantesca estação espacial com capacidade para destruir um planeta. Luke então se junta ao cavaleiro jedi e a Han Solo (Harrison Ford), um mercenário, para tentar destruir esta terrível ameaça ao lado dos membros da resistência.",http://fhd1.oneplayer.site/ertg43r5g34ty34yt543t43wer234t34y3s7/FHD3/tt0076759.mp4,Filme,,Dublado,0,,,30/04/2026,
79636,Star Wars: O Império Contra-Ataca,https://image.tmdb.org/t/p/w185/eXpSZV9ZCyXT4fRmVd1PqYviltG.jpg,"Ação, Aventura, Ficção científica","Guerra nas Estrelas: O Império Contra-Ataca – As forças imperais comandadas por Darth Vader (David Prowse) lançam um ataque contra os membros da resistência, que são obrigados a fugir. Enquanto isso Luke Skywalker (Mark Hamill) tenta encontrar o Mestre Yoda, que poderá ensiná-lo a dominar a “Força” e torná-lo um cavaleiro jedi. No entanto, Darth Vader planeja levá-lo para o lado negro da “Força”.",http://fhd1.oneplayer.site/ertg43r5g34ty34yt543t43wer234t34y3s7/FHD3/tt0080684.mp4,Filme,,Dublado,0,,,30/04/2026,
79637,Star Wars: Episódio 1 – A Ameaça Fantasma,https://image.tmdb.org/t/p/w185/bcZKWW6V20rhk7ic0NPi5RWyyPu.jpg,"Ação, Aventura, Ficção científica","Quando a maquiavélica Federação Comercial planeja invadir o pacífico planeta Naboo, o guerreiro Jedi Qui-Gon Jinn (Liam Neeson) e seu aprendiz Obi-Wan Kenobi (Ewan McGregor) embarcam em uma aventura para tentar salvar o planeta. Viajam com eles a jovem Rainha Amidala (Natalie Portman), que é visada pela Federação pois querem forçá-la a assinar um tratado político. Eles têm de viajar para os distantes planetas Tatooine e Coruscant em uma desesperada tentativa de salvar o mundo de Darth Sidious (Ian McDiarmid), o demoníaco líder da Federação que sempre surge em imagens tridimensionais (a ameaça fantasma). Durante a viagem, Qui-Gon Jinn conhece um garoto de nove anos que deseja treiná-lo para ser tornar um Jedi, pois o menino tem todas as qualidades para isto. Mas o tempo revelará que nem sempre as coisas são o que aparentam.",http://fhd1.oneplayer.site/ertg43r5g34ty34yt543t43wer234t34y3s7/FHD3/tt0120915.mp4,Filme,,Dublado,0,,,30/04/2026,
79638,Star Wars: Episódio 2 – Ataque dos Clones,https://image.tmdb.org/t/p/w185/und4ZGuJu2jSk8sTYYT6vyoxP5d.jpg,"Ação, Aventura, Ficção científica","Dez anos após a tentativa frustrada de invasão do planeta Naboo, Obi-Wan Kenobi (Ewan McGregor), Anakin Skywalker (Hayden Christensen) e Padmé Amidala (Natalie Portman) estão juntos novamente. Neste período de tempo Obi-Wan passou de aprendiz a professor dos ensinamentos jedi para Anakin, sendo que ambos foram destacados para proteger a agora senadora Amidala, que tem sua vida ameaçada por facções separatistas da República, que ameaçam desencadear uma guerra civil intergalática. Com o passar do tempo surge um romance proibido entre Anakin e Amidala, pois os cavaleiros jedi não têm permissão para se apaixonarem.",http://fhd1.oneplayer.site/ertg43r5g34ty34yt543t43wer234t34y3s7/FHD3/tt0121765.mp4,Filme,,Dublado,0,,,30/04/2026,
79639,Star Wars: Episódio 3 – A Vingança dos Sith,https://image.tmdb.org/t/p/w185/qiMLmNfQGRNIccK57MKGS8tUCm5.jpg,"Ação, Aventura, Ficção científica","As Guerras Clônicas estão em pleno andamento e as diferenças entre o Conselho Jedi e o Chanceler Palpatine (Ian McDiarmid) aumentam cada vez mais. Anakin Skywalker (Hayden Christensen) mantém um elo de lealdade com Palpatine, ao mesmo tempo em que luta para que seu casamento com Padmé Amidala (Natalie Portman) não seja afetado por esta situação. Seduzido por promessas de poder, Anakin se aproxima cada vez mais de Darth Sidious (Ian McDiarmid) até se tornar o temível Darth Vader. Juntos eles tramam um plano para aniquilar de uma vez por todas com os cavaleiros jedi.",http://fhd1.oneplayer.site/ertg43r5g34ty34yt543t43wer234t34y3s7/FHD3/tt0121766.mp4,Filme,,Dublado,0,,,30/04/2026,
79640,Star Wars: O Despertar da Força,https://image.tmdb.org/t/p/w185/5UvIBygHg3FJari4tdxzqa1Yemx.jpg,"Ação, Aventura, Fantasia, Ficção científica","A queda de Darth Vader e do Império levou ao surgimento de uma nova força sombria: a Primeira Ordem. Eles procuram o jedi Luke Skywalker, desaparecido. A resistência tenta desesperadamente encontrá-lo antes para salvar a galáxia.",http://fhd1.oneplayer.site/ertg43r5g34ty34yt543t43wer234t34y3s7/FHD3/tt2488496.mp4,Filme,,Dublado,0,,,30/04/2026,
79641,Star Wars: Skeleton Crew,https://image.tmdb.org/t/p/w185/4Dr8mPDBhuSsrGBSx5n8cL1gSki.jpg,"Ação, Aventura, Ficção Científica, Fantasia",Quatro crianças comuns buscam seu planeta natal após se perderem na galáxia de Star Wars.,,Serie,1,Dublado,0,,,30/04/2026,
79642,Star Wars: Andor,https://image.tmdb.org/t/p/w185/59SVNwLfoMnZPPB6ukW6dlPxAdI.jpg,"Ação, Aventura, Ficção Científica, Fantasia, Guerra, Política",As aventuras do espião rebelde Cassian Andor durante os anos de formação da Rebelião antes dos eventos de Rogue One: A Star Wars Story. A série explora contos cheios de espionagem e missões ousadas para restaurar a esperança a uma galáxia nas garras de um império implacável.,,Serie,2,Dublado,0,,,30/04/2026,
79643,Han Solo: Uma História Star Wars,https://image.tmdb.org/t/p/w185/jAMEX0syUh6sbjBiysibzrFpbo.jpg,"Aventura, Ficção científica","Embarque na Millennium Falcon e viaje para uma galáxia distante em uma nova aventura com o mais amado canalha da galáxia. Através de uma série de ousadas aventuras no obscuro e perigoso submundo do crime, Han Solo encontra seu poderoso futuro copiloto Chewbacca e encontra o famoso jogador Lando Calrissian, em uma jornada que definirá o curso de um dos heróis mais improváveis da saga Star Wars.",http://fhd4.oneplayer.site/343rt342wtg34wetg34retg4rgh5kh4/FHD4/tt3778644.mp4,Filme,,Dublado,0,,,30/04/2026,
