id,Nome,Link,Temporada,Episódio,Data
1480676,Sem Salvação,http://shd13.oneplayer.site/SHD13/262848/1x1.mp4,1,1,26/04/2026
1480677,Sem Salvação,http://shd13.oneplayer.site/SHD13/262848/1x2.mp4,1,2,26/04/2026
1480678,Sem Salvação,http://shd13.oneplayer.site/SHD13/262848/1x3.mp4,1,3,26/04/2026
1480679,Sem Salvação,http://shd13.oneplayer.site/SHD13/262848/1x4.mp4,1,4,26/04/2026
1480680,Sem Salvação,http://shd13.oneplayer.site/SHD13/262848/1x5.mp4,1,5,26/04/2026
1480681,Sem Salvação,http://shd13.oneplayer.site/SHD13/262848/1x6.mp4,1,6,26/04/2026
1480682,O Amor Não Está Esgotado,http://shd13.oneplayer.site/SHD13/287011/1x1.mp4,1,1,26/04/2026
1480683,Emergência Radioativa,http://shd13.oneplayer.site/SHD13/292474/1x1.mp4,1,1,26/04/2026
1480684,Emergência Radioativa,http://shd13.oneplayer.site/SHD13/292474/1x2.mp4,1,2,26/04/2026
1480685,Emergência Radioativa,http://shd13.oneplayer.site/SHD13/292474/1x3.mp4,1,3,26/04/2026
1480686,Emergência Radioativa,http://shd13.oneplayer.site/SHD13/292474/1x4.mp4,1,4,26/04/2026
1480687,Emergência Radioativa,http://shd13.oneplayer.site/SHD13/292474/1x5.mp4,1,5,26/04/2026
1480688,The Boys,http://shd1.oneplayer.site/y45y456y45y54eytg345t4rfwserdfwe4rtrf34t65435redso/SHD1/76479/1x1.mp4,1,1,26/04/2026
1480689,The Boys,http://shd1.oneplayer.site/y45y456y45y54eytg345t4rfwserdfwe4rtrf34t65435redso/SHD1/76479/1x2.mp4,1,2,26/04/2026
1480690,The Boys,http://shd1.oneplayer.site/y45y456y45y54eytg345t4rfwserdfwe4rtrf34t65435redso/SHD1/76479/1x3.mp4,1,3,26/04/2026
1480691,The Boys,http://shd1.oneplayer.site/y45y456y45y54eytg345t4rfwserdfwe4rtrf34t65435redso/SHD1/76479/1x4.mp4,1,4,26/04/2026
1480692,The Boys,http://shd1.oneplayer.site/y45y456y45y54eytg345t4rfwserdfwe4rtrf34t65435redso/SHD1/76479/1x5.mp4,1,5,26/04/2026
1480693,The Boys,http://shd1.oneplayer.site/y45y456y45y54eytg345t4rfwserdfwe4rtrf34t65435redso/SHD1/76479/1x6.mp4,1,6,26/04/2026
1480694,The Boys,http://shd1.oneplayer.site/y45y456y45y54eytg345t4rfwserdfwe4rtrf34t65435redso/SHD1/76479/1x7.mp4,1,7,26/04/2026
1480695,The Boys,http://shd1.oneplayer.site/y45y456y45y54eytg345t4rfwserdfwe4rtrf34t65435redso/SHD1/76479/1x8.mp4,1,8,26/04/2026
1480696,The Boys,http://shd1.oneplayer.site/y45y456y45y54eytg345t4rfwserdfwe4rtrf34t65435redso/SHD1/76479/2x1.mp4,2,1,26/04/2026
1480697,The Boys,http://shd1.oneplayer.site/y45y456y45y54eytg345t4rfwserdfwe4rtrf34t65435redso/SHD1/76479/2x2.mp4,2,2,26/04/2026
1480698,The Boys,http://shd1.oneplayer.site/y45y456y45y54eytg345t4rfwserdfwe4rtrf34t65435redso/SHD1/76479/2x3.mp4,2,3,26/04/2026
1480699,The Boys,http://shd1.oneplayer.site/y45y456y45y54eytg345t4rfwserdfwe4rtrf34t65435redso/SHD1/76479/2x4.mp4,2,4,26/04/2026
1480700,The Boys,http://shd1.oneplayer.site/y45y456y45y54eytg345t4rfwserdfwe4rtrf34t65435redso/SHD1/76479/2x5.mp4,2,5,26/04/2026
1480701,The Boys,http://shd1.oneplayer.site/y45y456y45y54eytg345t4rfwserdfwe4rtrf34t65435redso/SHD1/76479/2x6.mp4,2,6,26/04/2026
1480702,The Boys,http://shd1.oneplayer.site/y45y456y45y54eytg345t4rfwserdfwe4rtrf34t65435redso/SHD1/76479/2x7.mp4,2,7,26/04/2026
1480703,The Boys,http://shd1.oneplayer.site/y45y456y45y54eytg345t4rfwserdfwe4rtrf34t65435redso/SHD1/76479/2x8.mp4,2,8,26/04/2026
1480704,The Boys,http://shd1.oneplayer.site/y45y456y45y54eytg345t4rfwserdfwe4rtrf34t65435redso/SHD1/76479/3x1.mp4,3,1,26/04/2026
1480705,The Boys,http://shd1.oneplayer.site/y45y456y45y54eytg345t4rfwserdfwe4rtrf34t65435redso/SHD1/76479/3x2.mp4,3,2,26/04/2026
1480706,The Boys,http://shd1.oneplayer.site/y45y456y45y54eytg345t4rfwserdfwe4rtrf34t65435redso/SHD1/76479/3x3.mp4,3,3,26/04/2026
1480707,The Boys,http://shd1.oneplayer.site/y45y456y45y54eytg345t4rfwserdfwe4rtrf34t65435redso/SHD1/76479/3x4.mp4,3,4,26/04/2026
1480708,The Boys,http://shd1.oneplayer.site/y45y456y45y54eytg345t4rfwserdfwe4rtrf34t65435redso/SHD1/76479/3x5.mp4,3,5,26/04/2026
1480709,The Boys,http://shd1.oneplayer.site/y45y456y45y54eytg345t4rfwserdfwe4rtrf34t65435redso/SHD1/76479/3x6.mp4,3,6,26/04/2026
1480710,The Boys,http://shd1.oneplayer.site/y45y456y45y54eytg345t4rfwserdfwe4rtrf34t65435redso/SHD1/76479/3x7.mp4,3,7,26/04/2026
1480711,The Boys,http://shd1.oneplayer.site/y45y456y45y54eytg345t4rfwserdfwe4rtrf34t65435redso/SHD1/76479/3x8.mp4,3,8,26/04/2026
1480712,The Boys,http://shd1.oneplayer.site/y45y456y45y54eytg345t4rfwserdfwe4rtrf34t65435redso/SHD1/76479/4x1.mp4,4,1,26/04/2026
1480713,The Boys,http://shd1.oneplayer.site/y45y456y45y54eytg345t4rfwserdfwe4rtrf34t65435redso/SHD1/76479/4x2.mp4,4,2,26/04/2026
1480714,The Boys,http://shd1.oneplayer.site/y45y456y45y54eytg345t4rfwserdfwe4rtrf34t65435redso/SHD1/76479/4x3.mp4,4,3,26/04/2026
1480715,The Boys,http://shd1.oneplayer.site/y45y456y45y54eytg345t4rfwserdfwe4rtrf34t65435redso/SHD1/76479/4x4.mp4,4,4,26/04/2026
1480716,The Boys,http://shd1.oneplayer.site/y45y456y45y54eytg345t4rfwserdfwe4rtrf34t65435redso/SHD1/76479/4x5.mp4,4,5,26/04/2026
1480717,The Boys,http://shd1.oneplayer.site/y45y456y45y54eytg345t4rfwserdfwe4rtrf34t65435redso/SHD1/76479/4x6.mp4,4,6,26/04/2026
1480718,The Boys,http://shd1.oneplayer.site/y45y456y45y54eytg345t4rfwserdfwe4rtrf34t65435redso/SHD1/76479/4x7.mp4,4,7,26/04/2026
1480719,The Boys,http://shd1.oneplayer.site/y45y456y45y54eytg345t4rfwserdfwe4rtrf34t65435redso/SHD1/76479/4x8.mp4,4,8,26/04/2026
1480720,The Boys,http://shd1.oneplayer.site/y45y456y45y54eytg345t4rfwserdfwe4rtrf34t65435redso/SHD1/76479/5x1.mp4,5,1,26/04/2026
1480721,The Boys,http://shd1.oneplayer.site/y45y456y45y54eytg345t4rfwserdfwe4rtrf34t65435redso/SHD1/76479/5x2.mp4,5,2,26/04/2026
1480722,The Boys,http://shd1.oneplayer.site/y45y456y45y54eytg345t4rfwserdfwe4rtrf34t65435redso/SHD1/76479/5x3.mp4,5,3,26/04/2026
1480723,The Boys,http://shd1.oneplayer.site/y45y456y45y54eytg345t4rfwserdfwe4rtrf34t65435redso/SHD1/76479/5x4.mp4,5,4,26/04/2026
1480724,Naquela Noite,http://shd13.oneplayer.site/SHD13/283673/1x1.mp4,1,1,26/04/2026
1480725,Naquela Noite,http://shd13.oneplayer.site/SHD13/283673/1x2.mp4,1,2,26/04/2026
1480726,Naquela Noite,http://shd13.oneplayer.site/SHD13/283673/1x3.mp4,1,3,26/04/2026
1480727,Naquela Noite,http://shd13.oneplayer.site/SHD13/283673/1x4.mp4,1,4,26/04/2026
1480728,Naquela Noite,http://shd13.oneplayer.site/SHD13/283673/1x5.mp4,1,5,26/04/2026
1480729,Naquela Noite,http://shd13.oneplayer.site/SHD13/283673/1x6.mp4,1,6,26/04/2026
